SET SQL_MODE="NO_AUTO_VALUE_ON_ZERO";
SET time_zone = "+00:00";

CREATE TABLE IF NOT EXISTS `block` (
  `blockId` int(10) NOT NULL AUTO_INCREMENT,
  `name` text COLLATE utf8_bin NOT NULL,
  `lightOpacity` int(11) NOT NULL,
  `lightValue` int(11) NOT NULL,
  `blockResistance` float NOT NULL,
  `blockHardness` float NOT NULL,
  `needsRandomTick` tinyint(1) NOT NULL,
  `slipperiness` float NOT NULL,
  `isCollidable` tinyint(1) NOT NULL,
  `isOpaqueCube` tinyint(1) NOT NULL,
  `material` int(11) NOT NULL,
  `scriptId` int(11) NOT NULL,
  `soundId` int(11) NOT NULL,
  PRIMARY KEY (`blockId`),
  KEY `fk_soundId` (`soundId`)
) ENGINE=InnoDB  DEFAULT CHARSET=utf8 COLLATE=utf8_bin AUTO_INCREMENT=146 ;

INSERT INTO `block` (`blockId`, `name`, `lightOpacity`, `lightValue`, `blockResistance`, `blockHardness`, `needsRandomTick`, `slipperiness`, `isCollidable`, `isOpaqueCube`, `material`, `scriptId`, `soundId`) VALUES
(1, 'tile.stone', 255, 0, 30, 1.5, 0, 0.6, 1, 1, 1, 0, 1),
(2, 'tile.grass', 255, 0, 3, 0.6, 1, 0.6, 1, 1, 2, 0, 2),
(3, 'tile.dirt', 255, 0, 2.5, 0.5, 0, 0.6, 1, 1, 3, 0, 3),
(4, 'tile.stonebrick', 255, 0, 30, 2, 0, 0.6, 1, 1, 1, 0, 1),
(5, 'tile.wood', 255, 0, 15, 2, 0, 0.6, 1, 1, 4, 0, 4),
(6, 'tile.sapling', 0, 0, 0, 0, 1, 0.6, 1, 0, 5, 0, 2),
(7, 'tile.bedrock', 255, 0, 18000000, -1, 0, 0.6, 1, 1, 1, 0, 1),
(8, 'tile.water', 3, 0, 500, 100, 1, 0.6, 1, 0, 6, 0, 5),
(9, 'tile.water', 3, 0, 500, 100, 0, 0.6, 1, 0, 6, 0, 5),
(10, 'tile.lava', 255, 15, 0, 0, 1, 0.6, 1, 0, 7, 0, 5),
(11, 'tile.lava', 255, 15, 500, 100, 1, 0.6, 1, 0, 7, 0, 5),
(12, 'tile.sand', 255, 0, 2.5, 0.5, 0, 0.6, 1, 1, 8, 0, 6),
(13, 'tile.gravel', 255, 0, 3, 0.6, 0, 0.6, 1, 1, 8, 0, 3),
(14, 'tile.oreGold', 255, 0, 15, 3, 0, 0.6, 1, 1, 1, 0, 1),
(15, 'tile.oreIron', 255, 0, 15, 3, 0, 0.6, 1, 1, 1, 0, 1),
(16, 'tile.oreCoal', 255, 0, 15, 3, 0, 0.6, 1, 1, 1, 0, 1),
(17, 'tile.log', 255, 0, 10, 2, 0, 0.6, 1, 1, 4, 4, 4),
(18, 'tile.leaves', 1, 0, 1, 0.2, 1, 0.6, 1, 0, 9, 0, 2),
(19, 'tile.sponge', 255, 0, 3, 0.6, 0, 0.6, 1, 1, 10, 0, 2),
(20, 'tile.glass', 0, 0, 1.5, 0.3, 0, 0.6, 1, 0, 11, 0, 7),
(21, 'tile.oreLapis', 255, 0, 15, 3, 0, 0.6, 1, 1, 1, 0, 1),
(22, 'tile.blockLapis', 255, 0, 15, 3, 0, 0.6, 1, 1, 1, 0, 1),
(23, 'tile.dispenser', 255, 0, 17.5, 3.5, 0, 0.6, 1, 1, 1, 0, 1),
(24, 'tile.sandStone', 255, 0, 4, 0.8, 0, 0.6, 1, 1, 1, 0, 1),
(25, 'tile.musicBlock', 255, 0, 4, 0.8, 0, 0.6, 1, 1, 4, 0, 5),
(26, 'tile.bed', 0, 0, 1, 0.2, 0, 0.6, 1, 0, 12, 0, 5),
(27, 'tile.goldenRail', 0, 0, 3.5, 0.7, 0, 0.6, 1, 0, 13, 0, 8),
(28, 'tile.detectorRail', 0, 0, 3.5, 0.7, 1, 0.6, 1, 0, 13, 0, 8),
(29, 'tile.pistonStickyBase', 0, 0, 2.5, 0.5, 0, 0.6, 1, 0, 14, 0, 1),
(30, 'tile.web', 1, 0, 20, 4, 0, 0.6, 1, 0, 15, 0, 5),
(31, 'tile.tallgrass', 0, 0, 0, 0, 1, 0.6, 1, 0, 16, 0, 2),
(32, 'tile.deadbush', 0, 0, 0, 0, 1, 0.6, 1, 0, 16, 0, 2),
(33, 'tile.pistonBase', 0, 0, 2.5, 0.5, 0, 0.6, 1, 0, 14, 0, 1),
(34, 'null', 0, 0, 2.5, 0.5, 0, 0.6, 1, 0, 14, 0, 1),
(35, 'tile.cloth', 255, 0, 4, 0.8, 0, 0.6, 1, 1, 12, 0, 9),
(36, 'null', 0, 0, 0, -1, 0, 0.6, 1, 0, 14, 0, 5),
(37, 'tile.flower', 0, 0, 0, 0, 1, 0.6, 1, 0, 5, 0, 2),
(38, 'tile.rose', 0, 0, 0, 0, 1, 0.6, 1, 0, 5, 0, 2),
(39, 'tile.mushroom', 0, 1, 0, 0, 1, 0.6, 1, 0, 5, 0, 2),
(40, 'tile.mushroom', 0, 0, 0, 0, 1, 0.6, 1, 0, 5, 0, 2),
(41, 'tile.blockGold', 255, 0, 30, 3, 0, 0.6, 1, 1, 17, 0, 8),
(42, 'tile.blockIron', 255, 0, 30, 5, 0, 0.6, 1, 1, 17, 0, 8),
(43, 'tile.stoneSlab', 255, 0, 30, 2, 0, 0.6, 1, 1, 1, 0, 1),
(44, 'tile.stoneSlab', 255, 0, 30, 2, 0, 0.6, 1, 0, 1, 0, 1),
(45, 'tile.brick', 255, 0, 30, 2, 0, 0.6, 1, 1, 1, 0, 1),
(46, 'tile.tnt', 255, 0, 0, 0, 0, 0.6, 1, 1, 18, 0, 2),
(47, 'tile.bookshelf', 255, 0, 7.5, 1.5, 0, 0.6, 1, 1, 4, 0, 4),
(48, 'tile.stoneMoss', 255, 0, 30, 2, 0, 0.6, 1, 1, 1, 0, 1),
(49, 'tile.obsidian', 255, 0, 6000, 50, 0, 0.6, 1, 1, 1, 0, 1),
(50, 'tile.torch', 0, 14, 0, 0, 1, 0.6, 1, 0, 13, 0, 4),
(51, 'tile.fire', 0, 15, 0, 0, 1, 0.6, 0, 0, 19, 0, 4),
(52, 'tile.mobSpawner', 0, 0, 25, 5, 0, 0.6, 1, 0, 1, 0, 8),
(53, 'tile.stairsWood', 255, 0, 15, 2, 0, 0.6, 1, 0, 4, 2, 4),
(54, 'tile.chest', 0, 0, 12.5, 2.5, 0, 0.6, 1, 0, 4, 0, 4),
(55, 'tile.redstoneDust', 0, 0, 0, 0, 0, 0.6, 1, 0, 13, 0, 5),
(56, 'tile.oreDiamond', 255, 0, 15, 3, 0, 0.6, 1, 1, 1, 0, 1),
(57, 'tile.blockDiamond', 255, 0, 30, 5, 0, 0.6, 1, 1, 17, 0, 8),
(58, 'tile.workbench', 255, 0, 12.5, 2.5, 0, 0.6, 1, 1, 4, 0, 4),
(59, 'tile.crops', 0, 0, 0, 0, 1, 0.6, 1, 0, 5, 0, 2),
(60, 'tile.farmland', 255, 0, 3, 0.6, 1, 0.6, 1, 0, 3, 0, 3),
(61, 'tile.furnace', 255, 0, 17.5, 3.5, 0, 0.6, 1, 1, 1, 0, 1),
(62, 'tile.furnace', 255, 13, 17.5, 3.5, 0, 0.6, 1, 1, 1, 0, 1),
(63, 'tile.sign', 0, 0, 5, 1, 0, 0.6, 1, 0, 4, 0, 4),
(64, 'tile.doorWood', 0, 0, 15, 3, 0, 0.6, 1, 0, 4, 0, 4),
(65, 'tile.ladder', 0, 0, 2, 0.4, 0, 0.6, 1, 0, 13, 0, 10),
(66, 'tile.rail', 0, 0, 3.5, 0.7, 0, 0.6, 1, 0, 13, 0, 8),
(67, 'tile.stairsStone', 255, 0, 30, 2, 0, 0.6, 1, 0, 1, 2, 1),
(68, 'tile.sign', 0, 0, 5, 1, 0, 0.6, 1, 0, 4, 0, 4),
(69, 'tile.lever', 0, 0, 2.5, 0.5, 0, 0.6, 1, 0, 13, 5, 4),
(70, 'tile.pressurePlate', 0, 0, 2.5, 0.5, 1, 0.6, 1, 0, 1, 0, 1),
(71, 'tile.doorIron', 0, 0, 25, 5, 0, 0.6, 1, 0, 17, 0, 8),
(72, 'tile.pressurePlate', 0, 0, 2.5, 0.5, 1, 0.6, 1, 0, 4, 0, 4),
(73, 'tile.oreRedstone', 255, 0, 15, 3, 0, 0.6, 1, 1, 1, 0, 1),
(74, 'tile.oreRedstone', 255, 9, 15, 3, 1, 0.6, 1, 1, 1, 0, 1),
(75, 'tile.notGate', 0, 0, 0, 0, 1, 0.6, 1, 0, 13, 0, 4),
(76, 'tile.notGate', 0, 7, 0, 0, 1, 0.6, 1, 0, 13, 0, 4),
(77, 'tile.button', 0, 0, 2.5, 0.5, 1, 0.6, 1, 0, 13, 0, 1),
(78, 'tile.snow', 0, 0, 0.5, 0.1, 1, 0.6, 1, 0, 20, 0, 11),
(79, 'tile.ice', 3, 0, 2.5, 0.5, 1, 0.98, 1, 0, 21, 0, 7),
(80, 'tile.snow', 255, 0, 1, 0.2, 1, 0.6, 1, 1, 22, 0, 11),
(81, 'tile.cactus', 0, 0, 2, 0.4, 1, 0.6, 1, 0, 23, 0, 9),
(82, 'tile.clay', 255, 0, 3, 0.6, 0, 0.6, 1, 1, 24, 0, 3),
(83, 'tile.reeds', 0, 0, 0, 0, 1, 0.6, 1, 0, 5, 0, 2),
(84, 'tile.jukebox', 255, 0, 30, 2, 0, 0.6, 1, 1, 4, 0, 1),
(85, 'tile.fence', 0, 0, 15, 2, 0, 0.6, 1, 0, 4, 0, 4),
(86, 'tile.pumpkin', 255, 0, 5, 1, 1, 0.6, 1, 1, 25, 0, 4),
(87, 'tile.hellrock', 255, 0, 2, 0.4, 0, 0.6, 1, 1, 1, 0, 1),
(88, 'tile.hellsand', 255, 0, 2.5, 0.5, 0, 0.6, 1, 1, 8, 0, 6),
(89, 'tile.lightgem', 255, 15, 1.5, 0.3, 0, 0.6, 1, 1, 11, 0, 7),
(90, 'tile.portal', 0, 11, 0, -1, 1, 0.6, 1, 0, 26, 0, 7),
(91, 'tile.litpumpkin', 255, 15, 5, 1, 1, 0.6, 1, 1, 25, 0, 4),
(92, 'tile.cake', 0, 0, 2.5, 0.5, 1, 0.6, 1, 0, 27, 0, 9),
(93, 'tile.diode', 0, 0, 0, 0, 0, 0.6, 1, 0, 13, 0, 4),
(94, 'tile.diode', 0, 9, 0, 0, 0, 0.6, 1, 0, 13, 0, 4),
(95, 'tile.lockedchest', 255, 15, 0, 0, 1, 0.6, 1, 1, 4, 0, 4),
(96, 'tile.trapdoor', 0, 0, 15, 3, 0, 0.6, 1, 0, 4, 0, 4),
(97, 'tile.monsterStoneEgg', 255, 0, 3.75, 0.75, 0, 0.6, 1, 1, 24, 0, 5),
(98, 'tile.stonebricksmooth', 255, 0, 30, 1.5, 0, 0.6, 1, 1, 1, 0, 1),
(99, 'tile.mushroom', 255, 0, 1, 0.2, 0, 0.6, 1, 1, 4, 0, 4),
(100, 'tile.mushroom', 255, 0, 1, 0.2, 0, 0.6, 1, 1, 4, 0, 4),
(101, 'tile.fenceIron', 0, 0, 30, 5, 0, 0.6, 1, 0, 17, 0, 8),
(102, 'tile.thinGlass', 0, 0, 1.5, 0.3, 0, 0.6, 1, 0, 11, 0, 7),
(103, 'tile.melon', 255, 0, 5, 1, 0, 0.6, 1, 1, 25, 0, 4),
(104, 'tile.pumpkinStem', 0, 0, 0, 0, 1, 0.6, 1, 0, 5, 0, 4),
(105, 'tile.pumpkinStem', 0, 0, 0, 0, 1, 0.6, 1, 0, 5, 0, 4),
(106, 'tile.vine', 0, 0, 1, 0.2, 1, 0.6, 1, 0, 16, 0, 2),
(107, 'tile.fenceGate', 0, 0, 15, 2, 0, 0.6, 1, 0, 4, 0, 4),
(108, 'tile.stairsBrick', 255, 0, 30, 2, 0, 0.6, 1, 0, 1, 2, 1),
(109, 'tile.stairsStoneBrickSmooth', 255, 0, 30, 1.5, 0, 0.6, 1, 0, 1, 2, 1),
(110, 'tile.mycel', 255, 0, 3, 0.6, 1, 0.6, 1, 1, 2, 0, 2),
(111, 'tile.waterlily', 0, 0, 0, 0, 1, 0.6, 1, 0, 5, 0, 2),
(112, 'tile.netherBrick', 255, 0, 30, 2, 0, 0.6, 1, 1, 1, 0, 1),
(113, 'tile.netherFence', 0, 0, 30, 2, 0, 0.6, 1, 0, 1, 0, 1),
(114, 'tile.stairsNetherBrick', 255, 0, 30, 2, 0, 0.6, 1, 0, 1, 2, 1),
(115, 'tile.netherStalk', 0, 0, 0, 0, 1, 0.6, 1, 0, 5, 0, 5),
(116, 'tile.enchantmentTable', 0, 0, 6000, 5, 0, 0.6, 1, 0, 1, 0, 5),
(117, 'tile.brewingStand', 0, 1, 2.5, 0.5, 0, 0.6, 1, 0, 17, 0, 5),
(118, 'tile.cauldron', 0, 0, 10, 2, 0, 0.6, 1, 0, 17, 0, 5),
(119, 'null', 0, 15, 18000000, -1, 0, 0.6, 1, 0, 26, 0, 5),
(120, 'tile.endPortalFrame', 0, 1, 18000000, -1, 0, 0.6, 1, 0, 1, 0, 7),
(121, 'tile.whiteStone', 255, 0, 45, 3, 0, 0.6, 1, 1, 1, 0, 1),
(122, 'tile.dragonEgg', 0, 1, 45, 3, 0, 0.6, 1, 0, 28, 0, 1),
(123, 'tile.redstoneLight', 255, 0, 1.5, 0.3, 0, 0.6, 1, 1, 29, 0, 7),
(124, 'tile.redstoneLight', 255, 15, 1.5, 0.3, 0, 0.6, 1, 1, 29, 0, 7),
(125, 'tile.woodSlab', 255, 0, 15, 2, 0, 0.6, 1, 1, 4, 0, 4),
(126, 'tile.woodSlab', 255, 0, 15, 2, 0, 0.6, 1, 0, 4, 0, 4),
(127, 'tile.cocoa', 0, 0, 15, 0.2, 1, 0.6, 1, 0, 5, 0, 4),
(128, 'tile.stairsSandStone', 255, 0, 4, 0.8, 0, 0.6, 1, 0, 1, 2, 1),
(129, 'tile.oreEmerald', 255, 0, 15, 3, 0, 0.6, 1, 1, 1, 0, 1),
(130, 'tile.enderChest', 0, 7, 3000, 22.5, 0, 0.6, 1, 0, 1, 0, 1),
(131, 'tile.tripWireSource', 0, 0, 0, 0, 1, 0.6, 1, 0, 13, 0, 5),
(132, 'tile.tripWire', 0, 0, 0, 0, 1, 0.6, 1, 0, 13, 0, 5),
(133, 'tile.blockEmerald', 255, 0, 30, 5, 0, 0.6, 1, 1, 17, 0, 8),
(134, 'tile.stairsWoodSpruce', 255, 0, 15, 2, 0, 0.6, 1, 0, 4, 2, 4),
(135, 'tile.stairsWoodBirch', 255, 0, 15, 2, 0, 0.6, 1, 0, 4, 2, 4),
(136, 'tile.stairsWoodJungle', 255, 0, 15, 2, 0, 0.6, 1, 0, 4, 2, 4),
(137, 'tile.commandBlock', 255, 0, 0, 0, 0, 0.6, 1, 1, 17, 0, 5),
(138, 'tile.beacon', 0, 15, 15, 3, 0, 0.6, 1, 0, 11, 0, 5),
(139, 'tile.cobbleWall', 0, 0, 30, 2, 0, 0.6, 1, 0, 1, 0, 1),
(140, 'tile.flowerPot', 0, 0, 0, 0, 0, 0.6, 1, 0, 13, 0, 5),
(141, 'tile.carrots', 0, 0, 0, 0, 1, 0.6, 1, 0, 5, 0, 2),
(142, 'tile.potatoes', 0, 0, 0, 0, 1, 0.6, 1, 0, 5, 0, 2),
(143, 'tile.button', 0, 0, 2.5, 0.5, 1, 0.6, 1, 0, 13, 0, 4),
(144, 'tile.skull', 0, 0, 5, 1, 0, 0.6, 1, 0, 13, 0, 1),
(145, 'tile.anvil', 0, 0, 6000, 5, 0, 0.6, 1, 0, 30, 0, 12);

CREATE TABLE IF NOT EXISTS `blocksound` (
  `soundId` int(11) NOT NULL AUTO_INCREMENT,
  `name` varchar(64) COLLATE utf8_bin NOT NULL,
  `volume` float NOT NULL,
  `modifier` float NOT NULL,
  `stepSound` varchar(64) COLLATE utf8_bin NOT NULL,
  `placeSound` varchar(64) COLLATE utf8_bin NOT NULL,
  `breakSound` varchar(64) COLLATE utf8_bin NOT NULL,
  PRIMARY KEY (`soundId`)
) ENGINE=InnoDB  DEFAULT CHARSET=utf8 COLLATE=utf8_bin AUTO_INCREMENT=13 ;

INSERT INTO `blocksound` (`soundId`, `name`, `volume`, `modifier`, `stepSound`, `placeSound`, `breakSound`) VALUES
(1, 'UNKNOW', 1, 1, 'step.stone', 'dig.stone', 'dig.stone'),
(2, 'UNKNOW', 1, 1, 'step.grass', 'dig.grass', 'dig.grass'),
(3, 'UNKNOW', 1, 1, 'step.gravel', 'dig.gravel', 'dig.gravel'),
(4, 'UNKNOW', 1, 1, 'step.wood', 'dig.wood', 'dig.wood'),
(5, 'UNKNOW', 1, 1, 'step.stone', 'dig.stone', 'dig.stone'),
(6, 'UNKNOW', 1, 1, 'step.sand', 'dig.sand', 'dig.sand'),
(7, 'UNKNOW', 1, 1, 'step.stone', 'step.stone', 'random.glass'),
(8, 'UNKNOW', 1, 1.5, 'step.stone', 'dig.stone', 'dig.stone'),
(9, 'UNKNOW', 1, 1, 'step.cloth', 'dig.cloth', 'dig.cloth'),
(10, 'UNKNOW', 1, 1, 'step.ladder', 'dig.wood', 'dig.wood'),
(11, 'UNKNOW', 1, 1, 'step.snow', 'dig.snow', 'dig.snow'),
(12, 'UNKNOW', 0.3, 1, 'step.anvil', 'random.anvil_land', 'dig.stone');

CREATE TABLE IF NOT EXISTS `items` (
  `itemId` int(10) NOT NULL AUTO_INCREMENT,
  `name` text COLLATE utf8_bin NOT NULL,
  `maxStackSize` int(10) NOT NULL,
  `maxDamage` int(10) NOT NULL,
  `hasSubType` int(10) NOT NULL,
  `containerId` int(10) NOT NULL,
  `scriptId` int(11) NOT NULL,
  PRIMARY KEY (`itemId`)
) ENGINE=InnoDB  DEFAULT CHARSET=utf8 COLLATE=utf8_bin AUTO_INCREMENT=2268 ;

INSERT INTO `items` (`itemId`, `name`, `maxStackSize`, `maxDamage`, `hasSubType`, `containerId`, `scriptId`) VALUES
(5, 'item.planks', 64, 0, 1, 0, 3),
(17, 'item.log', 64, 0, 1, 0, 3),
(18, 'item.leaves', 64, 0, 1, 0, 3),
(24, 'item.sandstone', 64, 0, 1, 0, 3),
(31, 'item.tallgrass', 64, 0, 1, 0, 3),
(35, 'item.wool', 64, 0, 1, 0, 3),
(256, 'item.shovelIron', 1, 250, 0, 0, 0),
(257, 'item.pickaxeIron', 1, 250, 0, 0, 0),
(258, 'item.hatchetIron', 1, 250, 0, 0, 0),
(259, 'item.flintAndSteel', 1, 64, 0, 0, 0),
(260, 'item.apple', 64, 0, 0, 0, 0),
(261, 'item.bow', 1, 384, 0, 0, 0),
(262, 'item.arrow', 64, 0, 0, 0, 0),
(263, 'item.coal', 64, 0, 1, 0, 0),
(264, 'item.diamond', 64, 0, 0, 0, 0),
(265, 'item.ingotIron', 64, 0, 0, 0, 0),
(266, 'item.ingotGold', 64, 0, 0, 0, 0),
(267, 'item.swordIron', 1, 250, 0, 0, 0),
(268, 'item.swordWood', 1, 59, 0, 0, 0),
(269, 'item.shovelWood', 1, 59, 0, 0, 0),
(270, 'item.pickaxeWood', 1, 59, 0, 0, 0),
(271, 'item.hatchetWood', 1, 59, 0, 0, 0),
(272, 'item.swordStone', 1, 131, 0, 0, 0),
(273, 'item.shovelStone', 1, 131, 0, 0, 0),
(274, 'item.pickaxeStone', 1, 131, 0, 0, 0),
(275, 'item.hatchetStone', 1, 131, 0, 0, 0),
(276, 'item.swordDiamond', 1, 1561, 0, 0, 0),
(277, 'item.shovelDiamond', 1, 1561, 0, 0, 0),
(278, 'item.pickaxeDiamond', 1, 1561, 0, 0, 0),
(279, 'item.hatchetDiamond', 1, 1561, 0, 0, 0),
(280, 'item.stick', 64, 0, 0, 0, 0),
(281, 'item.bowl', 64, 0, 0, 0, 0),
(282, 'item.mushroomStew', 1, 0, 0, 0, 0),
(283, 'item.swordGold', 1, 32, 0, 0, 0),
(284, 'item.shovelGold', 1, 32, 0, 0, 0),
(285, 'item.pickaxeGold', 1, 32, 0, 0, 0),
(286, 'item.hatchetGold', 1, 32, 0, 0, 0),
(287, 'item.string', 64, 0, 0, 0, 0),
(288, 'item.feather', 64, 0, 0, 0, 0),
(289, 'item.sulphur', 64, 0, 0, 0, 0),
(290, 'item.hoeWood', 1, 59, 0, 0, 0),
(291, 'item.hoeStone', 1, 131, 0, 0, 0),
(292, 'item.hoeIron', 1, 250, 0, 0, 0),
(293, 'item.hoeDiamond', 1, 1561, 0, 0, 0),
(294, 'item.hoeGold', 1, 32, 0, 0, 0),
(295, 'item.seeds', 64, 0, 0, 0, 0),
(296, 'item.wheat', 64, 0, 0, 0, 0),
(297, 'item.bread', 64, 0, 0, 0, 0),
(298, 'item.helmetCloth', 1, 55, 0, 0, 0),
(299, 'item.chestplateCloth', 1, 80, 0, 0, 0),
(300, 'item.leggingsCloth', 1, 75, 0, 0, 0),
(301, 'item.bootsCloth', 1, 65, 0, 0, 0),
(302, 'item.helmetChain', 1, 165, 0, 0, 0),
(303, 'item.chestplateChain', 1, 240, 0, 0, 0),
(304, 'item.leggingsChain', 1, 225, 0, 0, 0),
(305, 'item.bootsChain', 1, 195, 0, 0, 0),
(306, 'item.helmetIron', 1, 165, 0, 0, 0),
(307, 'item.chestplateIron', 1, 240, 0, 0, 0),
(308, 'item.leggingsIron', 1, 225, 0, 0, 0),
(309, 'item.bootsIron', 1, 195, 0, 0, 0),
(310, 'item.helmetDiamond', 1, 363, 0, 0, 0),
(311, 'item.chestplateDiamond', 1, 528, 0, 0, 0),
(312, 'item.leggingsDiamond', 1, 495, 0, 0, 0),
(313, 'item.bootsDiamond', 1, 429, 0, 0, 0),
(314, 'item.helmetGold', 1, 77, 0, 0, 0),
(315, 'item.chestplateGold', 1, 112, 0, 0, 0),
(316, 'item.leggingsGold', 1, 105, 0, 0, 0),
(317, 'item.bootsGold', 1, 91, 0, 0, 0),
(318, 'item.flint', 64, 0, 0, 0, 0),
(319, 'item.porkchopRaw', 64, 0, 0, 0, 0),
(320, 'item.porkchopCooked', 64, 0, 0, 0, 0),
(321, 'item.painting', 64, 0, 0, 0, 0),
(322, 'item.appleGold', 64, 0, 1, 0, 0),
(323, 'item.sign', 16, 0, 0, 0, 0),
(324, 'item.doorWood', 1, 0, 0, 0, 0),
(325, 'item.bucket', 16, 0, 0, 0, 0),
(326, 'item.bucketWater', 1, 0, 0, 325, 0),
(327, 'item.bucketLava', 1, 0, 0, 325, 0),
(328, 'item.minecart', 1, 0, 0, 0, 0),
(329, 'item.saddle', 1, 0, 0, 0, 0),
(330, 'item.doorIron', 1, 0, 0, 0, 0),
(331, 'item.redstone', 64, 0, 0, 0, 3),
(332, 'item.snowball', 16, 0, 0, 0, 0),
(333, 'item.boat', 1, 0, 0, 0, 0),
(334, 'item.leather', 64, 0, 0, 0, 0),
(335, 'item.milk', 1, 0, 0, 325, 0),
(336, 'item.brick', 64, 0, 0, 0, 0),
(337, 'item.clay', 64, 0, 0, 0, 0),
(338, 'item.reeds', 64, 0, 0, 0, 0),
(339, 'item.paper', 64, 0, 0, 0, 0),
(340, 'item.book', 64, 0, 0, 0, 0),
(341, 'item.slimeball', 64, 0, 0, 0, 0),
(342, 'item.minecartChest', 1, 0, 0, 0, 0),
(343, 'item.minecartFurnace', 1, 0, 0, 0, 0),
(344, 'item.egg', 16, 0, 0, 0, 0),
(345, 'item.compass', 64, 0, 0, 0, 0),
(346, 'item.fishingRod', 1, 64, 0, 0, 0),
(347, 'item.clock', 64, 0, 0, 0, 0),
(348, 'item.yellowDust', 64, 0, 0, 0, 0),
(349, 'item.fishRaw', 64, 0, 0, 0, 0),
(350, 'item.fishCooked', 64, 0, 0, 0, 0),
(351, 'item.dyePowder', 64, 0, 1, 0, 0),
(352, 'item.bone', 64, 0, 0, 0, 0),
(353, 'item.sugar', 64, 0, 0, 0, 0),
(354, 'item.cake', 1, 0, 0, 0, 0),
(355, 'item.bed', 1, 0, 0, 0, 0),
(356, 'item.diode', 64, 0, 0, 0, 0),
(357, 'item.cookie', 64, 0, 0, 0, 0),
(358, 'item.map', 64, 0, 1, 0, 0),
(359, 'item.shears', 1, 238, 0, 0, 0),
(360, 'item.melon', 64, 0, 0, 0, 0),
(361, 'item.seeds_pumpkin', 64, 0, 0, 0, 0),
(362, 'item.seeds_melon', 64, 0, 0, 0, 0),
(363, 'item.beefRaw', 64, 0, 0, 0, 0),
(364, 'item.beefCooked', 64, 0, 0, 0, 0),
(365, 'item.chickenRaw', 64, 0, 0, 0, 0),
(366, 'item.chickenCooked', 64, 0, 0, 0, 0),
(367, 'item.rottenFlesh', 64, 0, 0, 0, 0),
(368, 'item.enderPearl', 16, 0, 0, 0, 0),
(369, 'item.blazeRod', 64, 0, 0, 0, 0),
(370, 'item.ghastTear', 64, 0, 0, 0, 0),
(371, 'item.goldNugget', 64, 0, 0, 0, 0),
(372, 'item.netherStalkSeeds', 64, 0, 0, 0, 0),
(373, 'item.potion', 1, 0, 1, 0, 0),
(374, 'item.glassBottle', 64, 0, 0, 0, 0),
(375, 'item.spiderEye', 64, 0, 0, 0, 0),
(376, 'item.fermentedSpiderEye', 64, 0, 0, 0, 0),
(377, 'item.blazePowder', 64, 0, 0, 0, 0),
(378, 'item.magmaCream', 64, 0, 0, 0, 0),
(379, 'item.brewingStand', 64, 0, 0, 0, 0),
(380, 'item.cauldron', 64, 0, 0, 0, 0),
(381, 'item.eyeOfEnder', 64, 0, 0, 0, 0),
(382, 'item.speckledMelon', 64, 0, 0, 0, 0),
(383, 'item.monsterPlacer', 64, 0, 1, 0, 0),
(384, 'item.expBottle', 64, 0, 0, 0, 0),
(385, 'item.fireball', 64, 0, 0, 0, 0),
(386, 'item.writingBook', 1, 0, 0, 0, 0),
(387, 'item.writtenBook', 1, 0, 0, 0, 0),
(388, 'item.emerald', 64, 0, 0, 0, 0),
(389, 'item.frame', 64, 0, 0, 0, 0),
(390, 'item.flowerPot', 64, 0, 0, 0, 0),
(391, 'item.carrots', 64, 0, 0, 0, 0),
(392, 'item.potato', 64, 0, 0, 0, 0),
(393, 'item.potatoBaked', 64, 0, 0, 0, 0),
(394, 'item.potatoPoisonous', 64, 0, 0, 0, 0),
(395, 'item.emptyMap', 64, 0, 0, 0, 0),
(396, 'item.carrotGolden', 64, 0, 0, 0, 0),
(397, 'item.skull', 64, 0, 1, 0, 0),
(398, 'item.carrotOnAStick', 1, 25, 0, 0, 0),
(399, 'item.netherStar', 64, 0, 0, 0, 0),
(400, 'item.pumpkinPie', 64, 0, 0, 0, 0),
(2256, 'item.record', 1, 0, 0, 0, 0),
(2257, 'item.record', 1, 0, 0, 0, 0),
(2258, 'item.record', 1, 0, 0, 0, 0),
(2259, 'item.record', 1, 0, 0, 0, 0),
(2260, 'item.record', 1, 0, 0, 0, 0),
(2261, 'item.record', 1, 0, 0, 0, 0),
(2262, 'item.record', 1, 0, 0, 0, 0),
(2263, 'item.record', 1, 0, 0, 0, 0),
(2264, 'item.record', 1, 0, 0, 0, 0),
(2265, 'item.record', 1, 0, 0, 0, 0),
(2266, 'item.record', 1, 0, 0, 0, 0),
(2267, 'item.record', 1, 0, 0, 0, 0);

CREATE TABLE IF NOT EXISTS `material` (
  `materialId` int(11) NOT NULL,
  `name` varchar(64) COLLATE utf8_bin NOT NULL,
  `canBurn` tinyint(1) NOT NULL,
  `replacable` tinyint(1) NOT NULL,
  `translucent` tinyint(1) NOT NULL,
  `requiresNoTool` tinyint(1) NOT NULL,
  `mobilityFlag` int(10) NOT NULL
) ENGINE=InnoDB DEFAULT CHARSET=utf8 COLLATE=utf8_bin;

INSERT INTO `material` (`materialId`, `name`, `canBurn`, `replacable`, `translucent`, `requiresNoTool`, `mobilityFlag`) VALUES
(1, 'UNKNOW', 0, 0, 0, 1, 0),
(1, 'UNKNOW', 0, 0, 0, 1, 0),
(2, 'UNKNOW', 0, 0, 0, 0, 0),
(3, 'UNKNOW', 0, 0, 0, 0, 0),
(4, 'UNKNOW', 1, 0, 0, 0, 0),
(5, 'UNKNOW', 0, 0, 1, 0, 1),
(6, 'UNKNOW', 0, 1, 1, 0, 1),
(7, 'UNKNOW', 0, 1, 1, 0, 1),
(8, 'UNKNOW', 0, 0, 0, 0, 0),
(9, 'UNKNOW', 1, 0, 1, 0, 1),
(10, 'UNKNOW', 0, 0, 0, 0, 0),
(11, 'UNKNOW', 0, 0, 1, 0, 0),
(12, 'UNKNOW', 1, 0, 0, 0, 0),
(13, 'UNKNOW', 0, 0, 1, 0, 1),
(14, 'UNKNOW', 0, 0, 0, 0, 2),
(15, 'UNKNOW', 0, 0, 1, 1, 1),
(16, 'UNKNOW', 1, 1, 1, 0, 1),
(17, 'UNKNOW', 0, 0, 0, 1, 0),
(18, 'UNKNOW', 1, 0, 1, 0, 0),
(19, 'UNKNOW', 0, 1, 1, 0, 1),
(20, 'UNKNOW', 0, 1, 1, 1, 1),
(21, 'UNKNOW', 0, 0, 1, 0, 0),
(22, 'UNKNOW', 0, 0, 0, 1, 0),
(23, 'UNKNOW', 0, 0, 1, 0, 1),
(24, 'UNKNOW', 0, 0, 0, 0, 0),
(25, 'UNKNOW', 0, 0, 0, 0, 1),
(26, 'UNKNOW', 0, 0, 1, 0, 2),
(27, 'UNKNOW', 0, 0, 0, 0, 1),
(28, 'UNKNOW', 0, 0, 0, 0, 1),
(29, 'UNKNOW', 0, 0, 0, 0, 0),
(30, 'UNKNOW', 0, 0, 0, 1, 2);

CREATE TABLE IF NOT EXISTS `script` (
  `id` int(11) NOT NULL AUTO_INCREMENT,
  `scriptName` varchar(128) COLLATE utf8_bin NOT NULL,
  `paramCount` int(11) NOT NULL,
  PRIMARY KEY (`id`),
  UNIQUE KEY `scriptName` (`scriptName`)
) ENGINE=InnoDB  DEFAULT CHARSET=utf8 COLLATE=utf8_bin AUTO_INCREMENT=6 ;

INSERT INTO `script` (`id`, `scriptName`, `paramCount`) VALUES
(2, 'block_stair', 0),
(3, 'item_block', 2),
(4, 'block_wood', 0),
(5, 'block_lever', 0);

CREATE TABLE IF NOT EXISTS `script_data` (
  `scriptId` int(11) NOT NULL,
  `stuffId` int(11) NOT NULL,
  `param` int(11) NOT NULL,
  `valueint` int(11) NOT NULL,
  `valuefloat` float NOT NULL,
  `valuestr` varchar(128) COLLATE utf8_bin NOT NULL,
  UNIQUE KEY `scriptId` (`scriptId`,`stuffId`,`param`)
) ENGINE=InnoDB DEFAULT CHARSET=utf8 COLLATE=utf8_bin;

INSERT INTO `script_data` (`scriptId`, `stuffId`, `param`, `valueint`, `valuefloat`, `valuestr`) VALUES
(3, 5, 1, 5, 0, ''),
(3, 5, 2, 1, 0, ''),
(3, 17, 1, 17, 0, ''),
(3, 17, 2, 1, 0, ''),
(3, 18, 1, 18, 0, ''),
(3, 18, 2, 1, 0, ''),
(3, 24, 1, 24, 0, ''),
(3, 24, 2, 1, 0, ''),
(3, 31, 1, 31, 0, ''),
(3, 31, 2, 1, 0, ''),
(3, 35, 1, 35, 0, ''),
(3, 35, 2, 1, 0, '');

CREATE TABLE IF NOT EXISTS `script_info` (
  `scriptId` int(11) NOT NULL,
  `name` varchar(128) COLLATE utf8_bin NOT NULL DEFAULT 'unk',
  `paramId` int(11) NOT NULL,
  `type` int(4) NOT NULL DEFAULT '0',
  UNIQUE KEY `scriptId` (`scriptId`,`paramId`)
) ENGINE=InnoDB DEFAULT CHARSET=utf8 COLLATE=utf8_bin;

INSERT INTO `script_info` (`scriptId`, `name`, `paramId`, `type`) VALUES
(3, 'blockid', 1, 1),
(3, 'UseMetadata', 2, 1);


ALTER TABLE `block`
  ADD CONSTRAINT `block_ibfk_1` FOREIGN KEY (`soundId`) REFERENCES `blocksound` (`soundId`);
