-- phpMyAdmin SQL Dump
-- version 4.0.6deb1
-- http://www.phpmyadmin.net
--
-- Host: localhost
-- Generation Time: Nov 15, 2013 at 10:38 PM
-- Server version: 5.5.34-0ubuntu0.13.10.1
-- PHP Version: 5.5.3-1ubuntu2

SET SQL_MODE = "NO_AUTO_VALUE_ON_ZERO";
SET time_zone = "+00:00";


/*!40101 SET @OLD_CHARACTER_SET_CLIENT=@@CHARACTER_SET_CLIENT */;
/*!40101 SET @OLD_CHARACTER_SET_RESULTS=@@CHARACTER_SET_RESULTS */;
/*!40101 SET @OLD_COLLATION_CONNECTION=@@COLLATION_CONNECTION */;
/*!40101 SET NAMES utf8 */;

--
-- Database: `mcpp`
--

-- --------------------------------------------------------

--
-- Table structure for table `block`
--

CREATE TABLE IF NOT EXISTS `block` (
  `blockId` int(10) NOT NULL AUTO_INCREMENT,
  `name` text COLLATE utf8_bin NOT NULL,
  `lightOpacity` int(11) NOT NULL,
  `lightValue` int(11) NOT NULL,
  `blockResistance` float NOT NULL,
  `blockHardness` float NOT NULL,
  `needsRandomTick` tinyint(1) NOT NULL,
  `slipperiness` float NOT NULL,
  `isCollidable` tinyint(1) NOT NULL,
  `isOpaqueCube` tinyint(1) NOT NULL,
  `renderAsNormal` tinyint(1) NOT NULL,
  `minX` float NOT NULL,
  `minY` float NOT NULL,
  `minZ` float NOT NULL,
  `maxX` float NOT NULL,
  `maxY` float NOT NULL,
  `maxZ` float NOT NULL,
  `material` int(11) NOT NULL,
  `scriptId` int(11) NOT NULL,
  `soundId` int(11) NOT NULL,
  `burningTime` int(11) NOT NULL,
  `useNeighborBrightness` tinyint(1) NOT NULL DEFAULT '0',
  PRIMARY KEY (`blockId`),
  KEY `fk_soundId` (`soundId`)
) ENGINE=InnoDB  DEFAULT CHARSET=utf8 COLLATE=utf8_bin AUTO_INCREMENT=159 ;

--
-- Dumping data for table `block`
--

INSERT INTO `block` (`blockId`, `name`, `lightOpacity`, `lightValue`, `blockResistance`, `blockHardness`, `needsRandomTick`, `slipperiness`, `isCollidable`, `isOpaqueCube`, `renderAsNormal`, `minX`, `minY`, `minZ`, `maxX`, `maxY`, `maxZ`, `material`, `scriptId`, `soundId`, `burningTime`, `useNeighborBrightness`) VALUES
(1, 'tile.stone', 255, 0, 30, 1.5, 0, 0.6, 1, 1, 1, 0, 0, 0, 1, 1, 1, 1, 0, 1, 0, 0),
(2, 'tile.grass', 255, 0, 3, 0.6, 1, 0.6, 1, 1, 1, 0, 0, 0, 1, 1, 1, 2, 17, 2, 0, 0),
(3, 'tile.dirt', 255, 0, 2.5, 0.5, 0, 0.6, 1, 1, 1, 0, 0, 0, 1, 1, 1, 3, 0, 3, 0, 0),
(4, 'tile.stonebrick', 255, 0, 30, 2, 0, 0.6, 1, 1, 1, 0, 0, 0, 1, 1, 1, 1, 0, 1, 0, 0),
(5, 'tile.wood', 255, 0, 15, 2, 0, 0.6, 1, 1, 1, 0, 0, 0, 1, 1, 1, 4, 0, 4, 300, 0),
(6, 'tile.sapling', 0, 0, 0, 0, 1, 0.6, 1, 0, 0, 0.1, 0, 0.1, 0.9, 0.8, 0.9, 5, 0, 2, 100, 1),
(7, 'tile.bedrock', 255, 0, 18000000, -1, 0, 0.6, 1, 1, 1, 0, 0, 0, 1, 1, 1, 1, 0, 1, 0, 0),
(8, 'tile.water', 3, 0, 500, 100, 1, 0.6, 1, 0, 0, 0, 0, 0, 1, 1, 1, 6, 0, 5, 0, 0),
(9, 'tile.water', 3, 0, 500, 100, 0, 0.6, 1, 0, 0, 0, 0, 0, 1, 1, 1, 6, 0, 5, 0, 0),
(10, 'tile.lava', 0, 15, 0, 0, 1, 0.6, 1, 0, 0, 0, 0, 0, 1, 1, 1, 7, 0, 5, 0, 1),
(11, 'tile.lava', 0, 15, 500, 100, 1, 0.6, 1, 0, 0, 0, 0, 0, 1, 1, 1, 7, 0, 5, 0, 1),
(12, 'tile.sand', 255, 0, 2.5, 0.5, 0, 0.6, 1, 1, 1, 0, 0, 0, 1, 1, 1, 8, 13, 6, 0, 0),
(13, 'tile.gravel', 255, 0, 3, 0.6, 0, 0.6, 1, 1, 1, 0, 0, 0, 1, 1, 1, 8, 13, 3, 0, 0),
(14, 'tile.oreGold', 255, 0, 15, 3, 0, 0.6, 1, 1, 1, 0, 0, 0, 1, 1, 1, 1, 0, 1, 0, 0),
(15, 'tile.oreIron', 255, 0, 15, 3, 0, 0.6, 1, 1, 1, 0, 0, 0, 1, 1, 1, 1, 0, 1, 0, 0),
(16, 'tile.oreCoal', 255, 0, 15, 3, 0, 0.6, 1, 1, 1, 0, 0, 0, 1, 1, 1, 1, 0, 1, 0, 0),
(17, 'tile.log', 255, 0, 10, 2, 0, 0.6, 1, 1, 1, 0, 0, 0, 1, 1, 1, 4, 4, 4, 300, 0),
(18, 'tile.leaves', 1, 0, 1, 0.2, 1, 0.6, 1, 1, 1, 0, 0, 0, 1, 1, 1, 9, 0, 2, 0, 0),
(19, 'tile.sponge', 255, 0, 3, 0.6, 0, 0.6, 1, 1, 1, 0, 0, 0, 1, 1, 1, 10, 0, 2, 0, 0),
(20, 'tile.glass', 0, 0, 1.5, 0.3, 0, 0.6, 1, 0, 0, 0, 0, 0, 1, 1, 1, 11, 0, 7, 0, 1),
(21, 'tile.oreLapis', 255, 0, 15, 3, 0, 0.6, 1, 1, 1, 0, 0, 0, 1, 1, 1, 1, 0, 1, 0, 0),
(22, 'tile.blockLapis', 255, 0, 15, 3, 0, 0.6, 1, 1, 1, 0, 0, 0, 1, 1, 1, 1, 0, 1, 0, 0),
(23, 'tile.dispenser', 255, 0, 17.5, 3.5, 0, 0.6, 1, 1, 1, 0, 0, 0, 1, 1, 1, 1, 0, 1, 0, 0),
(24, 'tile.sandStone', 255, 0, 4, 0.8, 0, 0.6, 1, 1, 1, 0, 0, 0, 1, 1, 1, 1, 0, 1, 0, 0),
(25, 'tile.musicBlock', 255, 0, 4, 0.8, 0, 0.6, 1, 1, 1, 0, 0, 0, 1, 1, 1, 4, 10, 5, 300, 0),
(26, 'tile.bed', 0, 0, 1, 0.2, 0, 0.6, 1, 0, 0, 0, 0, 0, 1, 0.5625, 1, 12, 0, 5, 0, 1),
(27, 'tile.goldenRail', 0, 0, 3.5, 0.7, 0, 0.6, 1, 0, 0, 0, 0, 0, 1, 0.125, 1, 13, 0, 8, 0, 1),
(28, 'tile.detectorRail', 0, 0, 3.5, 0.7, 1, 0.6, 1, 0, 0, 0, 0, 0, 1, 0.125, 1, 13, 0, 8, 0, 1),
(29, 'tile.pistonStickyBase', 0, 0, 2.5, 0.5, 0, 0.6, 1, 0, 0, 0, 0, 0, 1, 1, 1, 14, 0, 1, 0, 1),
(30, 'tile.web', 1, 0, 20, 4, 0, 0.6, 1, 0, 0, 0, 0, 0, 1, 1, 1, 15, 0, 5, 0, 0),
(31, 'tile.tallgrass', 0, 0, 0, 0, 1, 0.6, 1, 0, 0, 0.1, 0, 0.1, 0.9, 0.8, 0.9, 16, 0, 2, 0, 1),
(32, 'tile.deadbush', 0, 0, 0, 0, 1, 0.6, 1, 0, 0, 0.1, 0, 0.1, 0.9, 0.8, 0.9, 16, 0, 2, 0, 1),
(33, 'tile.pistonBase', 0, 0, 2.5, 0.5, 0, 0.6, 1, 0, 0, 0, 0, 0, 1, 1, 1, 14, 0, 1, 0, 1),
(34, 'tile.null', 0, 0, 2.5, 0.5, 0, 0.6, 1, 0, 0, 0, 0, 0, 1, 1, 1, 14, 0, 1, 0, 1),
(35, 'tile.cloth', 255, 0, 4, 0.8, 0, 0.6, 1, 1, 1, 0, 0, 0, 1, 1, 1, 12, 0, 9, 0, 0),
(36, 'tile.null', 0, 0, 0, -1, 0, 0.6, 1, 0, 0, 0, 0, 0, 1, 1, 1, 14, 0, 5, 0, 1),
(37, 'tile.flower', 0, 0, 0, 0, 1, 0.6, 1, 0, 0, 0.3, 0, 0.3, 0.7, 0.6, 0.7, 5, 0, 2, 0, 1),
(38, 'tile.rose', 0, 0, 0, 0, 1, 0.6, 1, 0, 0, 0.3, 0, 0.3, 0.7, 0.6, 0.7, 5, 0, 2, 0, 1),
(39, 'tile.mushroom', 0, 1, 0, 0, 1, 0.6, 1, 0, 0, 0.3, 0, 0.3, 0.7, 0.4, 0.7, 5, 0, 2, 0, 1),
(40, 'tile.mushroom', 0, 0, 0, 0, 1, 0.6, 1, 0, 0, 0.3, 0, 0.3, 0.7, 0.4, 0.7, 5, 0, 2, 0, 1),
(41, 'tile.blockGold', 255, 0, 30, 3, 0, 0.6, 1, 1, 1, 0, 0, 0, 1, 1, 1, 17, 0, 8, 0, 0),
(42, 'tile.blockIron', 255, 0, 30, 5, 0, 0.6, 1, 1, 1, 0, 0, 0, 1, 1, 1, 17, 0, 8, 0, 0),
(43, 'tile.stoneSlab', 255, 0, 30, 2, 0, 0.6, 1, 1, 1, 0, 0, 0, 1, 1, 1, 1, 0, 1, 0, 1),
(44, 'tile.stoneSlab', 255, 0, 30, 2, 0, 0.6, 1, 0, 0, 0, 0, 0, 1, 0.5, 1, 1, 0, 1, 0, 1),
(45, 'tile.brick', 255, 0, 30, 2, 0, 0.6, 1, 1, 1, 0, 0, 0, 1, 1, 1, 1, 0, 1, 0, 0),
(46, 'tile.tnt', 255, 0, 0, 0, 0, 0.6, 1, 1, 1, 0, 0, 0, 1, 1, 1, 18, 0, 2, 0, 0),
(47, 'tile.bookshelf', 255, 0, 7.5, 1.5, 0, 0.6, 1, 1, 1, 0, 0, 0, 1, 1, 1, 4, 0, 4, 300, 0),
(48, 'tile.stoneMoss', 255, 0, 30, 2, 0, 0.6, 1, 1, 1, 0, 0, 0, 1, 1, 1, 1, 0, 1, 0, 0),
(49, 'tile.obsidian', 255, 0, 6000, 50, 0, 0.6, 1, 1, 1, 0, 0, 0, 1, 1, 1, 1, 0, 1, 0, 0),
(50, 'tile.torch', 0, 14, 0, 0, 1, 0.6, 1, 0, 0, 0, 0, 0, 1, 1, 1, 13, 7, 4, 0, 1),
(51, 'tile.fire', 0, 15, 0, 0, 1, 0.6, 0, 0, 0, 0, 0, 0, 1, 1, 1, 19, 0, 4, 0, 1),
(52, 'tile.mobSpawner', 0, 0, 25, 5, 0, 0.6, 1, 0, 1, 0, 0, 0, 1, 1, 1, 1, 0, 8, 0, 1),
(53, 'tile.stairsWood', 255, 0, 15, 2, 0, 0.6, 1, 0, 0, 0, 0, 0, 1, 1, 1, 4, 2, 4, 300, 1),
(54, 'tile.chest', 0, 0, 12.5, 2.5, 0, 0.6, 1, 0, 0, 0.0625, 0, 0.0625, 0.9375, 0.875, 0.9375, 4, 27, 4, 300, 1),
(55, 'tile.redstoneDust', 0, 0, 0, 0, 0, 0.6, 1, 0, 0, 0, 0, 0, 1, 0.0625, 1, 13, 21, 5, 0, 1),
(56, 'tile.oreDiamond', 255, 0, 15, 3, 0, 0.6, 1, 1, 1, 0, 0, 0, 1, 1, 1, 1, 0, 1, 0, 0),
(57, 'tile.blockDiamond', 255, 0, 30, 5, 0, 0.6, 1, 1, 1, 0, 0, 0, 1, 1, 1, 17, 0, 8, 0, 0),
(58, 'tile.workbench', 255, 0, 12.5, 2.5, 0, 0.6, 1, 1, 1, 0, 0, 0, 1, 1, 1, 4, 32, 4, 300, 0),
(59, 'tile.crops', 0, 0, 0, 0, 1, 0.6, 1, 0, 0, 0, 0, 0, 1, 0.25, 1, 5, 0, 2, 0, 1),
(60, 'tile.farmland', 255, 0, 3, 0.6, 1, 0.6, 1, 0, 0, 0, 0, 0, 1, 0.9375, 1, 3, 0, 3, 0, 1),
(61, 'tile.furnace', 255, 0, 17.5, 3.5, 0, 0.6, 1, 1, 1, 0, 0, 0, 1, 1, 1, 1, 25, 1, 0, 0),
(62, 'tile.furnace', 255, 13, 17.5, 3.5, 0, 0.6, 1, 1, 1, 0, 0, 0, 1, 1, 1, 1, 25, 1, 0, 0),
(63, 'tile.sign', 0, 0, 5, 1, 0, 0.6, 1, 0, 0, 0.25, 0, 0.25, 0.75, 1, 0.75, 4, 20, 4, 300, 1),
(64, 'tile.doorWood', 0, 0, 15, 3, 0, 0.6, 1, 0, 0, 0, 0, 0, 1, 1, 1, 4, 8, 4, 300, 1),
(65, 'tile.ladder', 0, 0, 2, 0.4, 0, 0.6, 1, 0, 0, 0, 0, 0, 1, 1, 1, 13, 0, 10, 0, 1),
(66, 'tile.rail', 0, 0, 3.5, 0.7, 0, 0.6, 1, 0, 0, 0, 0, 0, 1, 0.125, 1, 13, 0, 8, 0, 1),
(67, 'tile.stairsStone', 255, 0, 30, 2, 0, 0.6, 1, 0, 0, 0, 0, 0, 1, 1, 1, 1, 2, 1, 0, 1),
(68, 'tile.sign', 0, 0, 5, 1, 0, 0.6, 1, 0, 0, 0.25, 0, 0.25, 0.75, 1, 0.75, 4, 19, 4, 300, 1),
(69, 'tile.lever', 0, 0, 2.5, 0.5, 0, 0.6, 1, 0, 0, 0, 0, 0, 1, 1, 1, 13, 5, 4, 0, 1),
(70, 'tile.pressurePlate', 0, 0, 2.5, 0.5, 1, 0.6, 1, 0, 0, 0.0625, 0, 0.0625, 0.9375, 0.03125, 0.9375, 1, 0, 1, 0, 1),
(71, 'tile.doorIron', 0, 0, 25, 5, 0, 0.6, 1, 0, 0, 0, 0, 0, 1, 1, 1, 17, 8, 8, 0, 1),
(72, 'tile.pressurePlate', 0, 0, 2.5, 0.5, 1, 0.6, 1, 0, 0, 0.0625, 0, 0.0625, 0.9375, 0.03125, 0.9375, 4, 0, 4, 300, 1),
(73, 'tile.oreRedstone', 255, 0, 15, 3, 0, 0.6, 1, 1, 1, 0, 0, 0, 1, 1, 1, 1, 0, 1, 0, 0),
(74, 'tile.oreRedstone', 255, 9, 15, 3, 1, 0.6, 1, 1, 1, 0, 0, 0, 1, 1, 1, 1, 0, 1, 0, 0),
(75, 'tile.notGate', 0, 0, 0, 0, 1, 0.6, 1, 0, 0, 0, 0, 0, 1, 1, 1, 13, 24, 4, 0, 1),
(76, 'tile.notGate', 0, 7, 0, 0, 1, 0.6, 1, 0, 0, 0, 0, 0, 1, 1, 1, 13, 23, 4, 0, 1),
(77, 'tile.button', 0, 0, 2.5, 0.5, 1, 0.6, 1, 0, 0, 0, 0, 0, 1, 1, 1, 13, 12, 1, 0, 1),
(78, 'tile.snow', 0, 0, 0.5, 0.1, 1, 0.6, 1, 0, 0, 0, 0, 0, 1, 0.125, 1, 20, 0, 11, 0, 1),
(79, 'tile.ice', 3, 0, 2.5, 0.5, 1, 0.98, 1, 0, 1, 0, 0, 0, 1, 1, 1, 21, 0, 7, 0, 0),
(80, 'tile.snow', 255, 0, 1, 0.2, 1, 0.6, 1, 1, 1, 0, 0, 0, 1, 1, 1, 22, 0, 11, 0, 0),
(81, 'tile.cactus', 0, 0, 2, 0.4, 1, 0.6, 1, 0, 0, 0, 0, 0, 1, 1, 1, 23, 0, 9, 0, 1),
(82, 'tile.clay', 255, 0, 3, 0.6, 0, 0.6, 1, 1, 1, 0, 0, 0, 1, 1, 1, 24, 0, 3, 0, 0),
(83, 'tile.reeds', 0, 0, 0, 0, 1, 0.6, 1, 0, 0, 0.125, 0, 0.125, 0.875, 1, 0.875, 5, 0, 2, 0, 1),
(84, 'tile.jukebox', 255, 0, 30, 2, 0, 0.6, 1, 1, 1, 0, 0, 0, 1, 1, 1, 4, 11, 1, 300, 0),
(85, 'tile.fence', 0, 0, 15, 2, 0, 0.6, 1, 0, 0, 0, 0, 0, 1, 1, 1, 4, 0, 4, 300, 1),
(86, 'tile.pumpkin', 255, 0, 5, 1, 1, 0.6, 1, 1, 1, 0, 0, 0, 1, 1, 1, 25, 9, 4, 0, 0),
(87, 'tile.hellrock', 255, 0, 2, 0.4, 0, 0.6, 1, 1, 1, 0, 0, 0, 1, 1, 1, 1, 0, 1, 0, 0),
(88, 'tile.hellsand', 255, 0, 2.5, 0.5, 0, 0.6, 1, 1, 1, 0, 0, 0, 1, 1, 1, 8, 0, 6, 0, 0),
(89, 'tile.lightgem', 255, 15, 1.5, 0.3, 0, 0.6, 1, 1, 1, 0, 0, 0, 1, 1, 1, 11, 0, 7, 0, 0),
(90, 'tile.portal', 0, 11, 0, -1, 1, 0.6, 1, 0, 0, 0, 0, 0, 1, 1, 1, 26, 0, 7, 0, 1),
(91, 'tile.litpumpkin', 255, 15, 5, 1, 1, 0.6, 1, 1, 1, 0, 0, 0, 1, 1, 1, 25, 9, 4, 0, 0),
(92, 'tile.cake', 0, 0, 2.5, 0.5, 1, 0.6, 1, 0, 0, 0, 0, 0, 1, 1, 1, 27, 0, 9, 0, 1),
(93, 'tile.diode', 0, 0, 0, 0, 0, 0.6, 1, 0, 0, 0, 0, 0, 1, 0.125, 1, 13, 0, 4, 0, 1),
(94, 'tile.diode', 0, 9, 0, 0, 0, 0.6, 1, 0, 0, 0, 0, 0, 1, 0.125, 1, 13, 0, 4, 0, 1),
(95, 'tile.lockedchest', 255, 15, 0, 0, 1, 0.6, 1, 1, 1, 0, 0, 0, 1, 1, 1, 4, 0, 4, 300, 0),
(96, 'tile.trapdoor', 0, 0, 15, 3, 0, 0.6, 1, 0, 0, 0, 0, 0, 1, 1, 1, 4, 0, 4, 300, 1),
(97, 'tile.monsterStoneEgg', 255, 0, 3.75, 0.75, 0, 0.6, 1, 1, 1, 0, 0, 0, 1, 1, 1, 24, 0, 5, 0, 0),
(98, 'tile.stonebricksmooth', 255, 0, 30, 1.5, 0, 0.6, 1, 1, 1, 0, 0, 0, 1, 1, 1, 1, 0, 1, 0, 0),
(99, 'tile.mushroom', 255, 0, 1, 0.2, 0, 0.6, 1, 1, 1, 0, 0, 0, 1, 1, 1, 4, 0, 4, 300, 0),
(100, 'tile.mushroom', 255, 0, 1, 0.2, 0, 0.6, 1, 1, 1, 0, 0, 0, 1, 1, 1, 4, 0, 4, 300, 0),
(101, 'tile.fenceIron', 0, 0, 30, 5, 0, 0.6, 1, 0, 0, 0, 0, 0, 1, 1, 1, 17, 0, 8, 0, 1),
(102, 'tile.thinGlass', 0, 0, 1.5, 0.3, 0, 0.6, 1, 0, 0, 0, 0, 0, 1, 1, 1, 11, 0, 7, 0, 1),
(103, 'tile.melon', 255, 0, 5, 1, 0, 0.6, 1, 1, 1, 0, 0, 0, 1, 1, 1, 25, 0, 4, 0, 0),
(104, 'tile.pumpkinStem', 0, 0, 0, 0, 1, 0.6, 1, 0, 0, 0.375, 0, 0.375, 0.625, 0.25, 0.625, 5, 0, 4, 0, 1),
(105, 'tile.pumpkinStem', 0, 0, 0, 0, 1, 0.6, 1, 0, 0, 0.375, 0, 0.375, 0.625, 0.25, 0.625, 5, 0, 4, 0, 1),
(106, 'tile.vine', 0, 0, 1, 0.2, 1, 0.6, 1, 0, 0, 0, 0, 0, 1, 1, 1, 16, 0, 2, 0, 1),
(107, 'tile.fenceGate', 0, 0, 15, 2, 0, 0.6, 1, 0, 0, 0, 0, 0, 1, 1, 1, 4, 0, 4, 300, 1),
(108, 'tile.stairsBrick', 255, 0, 30, 2, 0, 0.6, 1, 0, 0, 0, 0, 0, 1, 1, 1, 1, 2, 1, 0, 1),
(109, 'tile.stairsStoneBrickSmooth', 255, 0, 30, 1.5, 0, 0.6, 1, 0, 0, 0, 0, 0, 1, 1, 1, 1, 2, 1, 0, 1),
(110, 'tile.mycel', 255, 0, 3, 0.6, 1, 0.6, 1, 1, 1, 0, 0, 0, 1, 1, 1, 2, 17, 2, 0, 0),
(111, 'tile.waterlily', 0, 0, 0, 0, 1, 0.6, 1, 0, 0, 0, 0, 0, 1, 0.015625, 1, 5, 0, 2, 0, 1),
(112, 'tile.netherBrick', 255, 0, 30, 2, 0, 0.6, 1, 1, 1, 0, 0, 0, 1, 1, 1, 1, 0, 1, 0, 0),
(113, 'tile.netherFence', 0, 0, 30, 2, 0, 0.6, 1, 0, 0, 0, 0, 0, 1, 1, 1, 1, 0, 1, 0, 1),
(114, 'tile.stairsNetherBrick', 255, 0, 30, 2, 0, 0.6, 1, 0, 0, 0, 0, 0, 1, 1, 1, 1, 2, 1, 0, 1),
(115, 'tile.netherStalk', 0, 0, 0, 0, 1, 0.6, 1, 0, 0, 0, 0, 0, 1, 0.25, 1, 5, 0, 5, 0, 1),
(116, 'tile.enchantmentTable', 0, 0, 6000, 5, 0, 0.6, 1, 0, 0, 0, 0, 0, 1, 0.75, 1, 1, 0, 5, 0, 1),
(117, 'tile.brewingStand', 0, 1, 2.5, 0.5, 0, 0.6, 1, 0, 0, 0, 0, 0, 1, 1, 1, 17, 0, 5, 0, 1),
(118, 'tile.cauldron', 0, 0, 10, 2, 0, 0.6, 1, 0, 0, 0, 0, 0, 1, 1, 1, 17, 0, 5, 0, 1),
(119, 'tile.null', 0, 15, 18000000, -1, 0, 0.6, 1, 0, 0, 0, 0, 0, 1, 1, 1, 26, 0, 5, 0, 1),
(120, 'tile.endPortalFrame', 0, 1, 18000000, -1, 0, 0.6, 1, 0, 1, 0, 0, 0, 1, 1, 1, 1, 0, 7, 0, 1),
(121, 'tile.whiteStone', 255, 0, 45, 3, 0, 0.6, 1, 1, 1, 0, 0, 0, 1, 1, 1, 1, 0, 1, 0, 0),
(122, 'tile.dragonEgg', 0, 1, 45, 3, 0, 0.6, 1, 0, 0, 0.0625, 0, 0.0625, 0.9375, 1, 0.9375, 28, 0, 1, 0, 1),
(123, 'tile.redstoneLight', 255, 0, 1.5, 0.3, 0, 0.6, 1, 1, 1, 0, 0, 0, 1, 1, 1, 29, 0, 7, 0, 0),
(124, 'tile.redstoneLight', 255, 15, 1.5, 0.3, 0, 0.6, 1, 1, 1, 0, 0, 0, 1, 1, 1, 29, 0, 7, 0, 0),
(125, 'tile.woodSlab', 255, 0, 15, 2, 0, 0.6, 1, 1, 1, 0, 0, 0, 1, 1, 1, 4, 0, 4, 300, 1),
(126, 'tile.woodSlab', 255, 0, 15, 2, 0, 0.6, 1, 0, 0, 0, 0, 0, 1, 0.5, 1, 4, 0, 4, 150, 1),
(127, 'tile.cocoa', 0, 0, 15, 0.2, 1, 0.6, 1, 0, 0, 0, 0, 0, 1, 1, 1, 5, 0, 4, 0, 1),
(128, 'tile.stairsSandStone', 255, 0, 4, 0.8, 0, 0.6, 1, 0, 0, 0, 0, 0, 1, 1, 1, 1, 2, 1, 0, 1),
(129, 'tile.oreEmerald', 255, 0, 15, 3, 0, 0.6, 1, 1, 1, 0, 0, 0, 1, 1, 1, 1, 0, 1, 0, 0),
(130, 'tile.enderChest', 0, 7, 3000, 22.5, 0, 0.6, 1, 0, 0, 0.0625, 0, 0.0625, 0.9375, 0.875, 0.9375, 1, 34, 1, 0, 1),
(131, 'tile.tripWireSource', 0, 0, 0, 0, 1, 0.6, 1, 0, 0, 0, 0, 0, 1, 1, 1, 13, 0, 5, 0, 1),
(132, 'tile.tripWire', 0, 0, 0, 0, 1, 0.6, 1, 0, 0, 0, 0, 0, 1, 0.15625, 1, 13, 0, 5, 0, 1),
(133, 'tile.blockEmerald', 255, 0, 30, 5, 0, 0.6, 1, 1, 1, 0, 0, 0, 1, 1, 1, 17, 0, 8, 0, 0),
(134, 'tile.stairsWoodSpruce', 255, 0, 15, 2, 0, 0.6, 1, 0, 0, 0, 0, 0, 1, 1, 1, 4, 2, 4, 300, 1),
(135, 'tile.stairsWoodBirch', 255, 0, 15, 2, 0, 0.6, 1, 0, 0, 0, 0, 0, 1, 1, 1, 4, 2, 4, 300, 1),
(136, 'tile.stairsWoodJungle', 255, 0, 15, 2, 0, 0.6, 1, 0, 0, 0, 0, 0, 1, 1, 1, 4, 2, 4, 300, 1),
(137, 'tile.commandBlock', 255, 0, 0, 0, 0, 0.6, 1, 1, 1, 0, 0, 0, 1, 1, 1, 17, 0, 5, 0, 0),
(138, 'tile.beacon', 0, 15, 15, 3, 0, 0.6, 1, 0, 0, 0, 0, 0, 1, 1, 1, 11, 0, 5, 0, 1),
(139, 'tile.cobbleWall', 0, 0, 30, 2, 0, 0.6, 1, 0, 0, 0, 0, 0, 1, 1, 1, 1, 0, 1, 0, 1),
(140, 'tile.flowerPot', 0, 0, 0, 0, 0, 0.6, 1, 0, 0, 0.3125, 0, 0.3125, 0.6875, 0.375, 0.6875, 13, 0, 5, 0, 1),
(141, 'tile.carrots', 0, 0, 0, 0, 1, 0.6, 1, 0, 0, 0, 0, 0, 1, 0.25, 1, 5, 0, 2, 0, 1),
(142, 'tile.potatoes', 0, 0, 0, 0, 1, 0.6, 1, 0, 0, 0, 0, 0, 1, 0.25, 1, 5, 0, 2, 0, 1),
(143, 'tile.button', 0, 0, 2.5, 0.5, 1, 0.6, 1, 0, 0, 0, 0, 0, 1, 1, 1, 13, 12, 4, 0, 1),
(144, 'tile.skull', 0, 0, 5, 1, 0, 0.6, 1, 0, 0, 0.25, 0, 0.25, 0.75, 0.5, 0.75, 13, 0, 1, 0, 1),
(145, 'tile.anvil', 0, 0, 6000, 5, 0, 0.6, 1, 0, 0, 0, 0, 0, 1, 1, 1, 30, 0, 12, 0, 1),
(146, 'tile.chestTrap', 0, 0, 12.5, 2.5, 0, 0.6, 1, 0, 0, 0.0625, 0, 0.0625, 0.9375, 0.875, 0.9375, 4, 27, 4, 300, 1),
(147, 'tile.weightedPlate_light', 0, 0, 2.5, 0.5, 1, 0.6, 1, 0, 0, 0.0625, 0, 0.0625, 0.9375, 0.03125, 0.9375, 17, 0, 4, 0, 1),
(148, 'tile.weightedPlate_heavy', 0, 0, 2.5, 0.5, 1, 0.6, 1, 0, 0, 0.0625, 0, 0.0625, 0.9375, 0.03125, 0.9375, 17, 0, 4, 0, 1),
(149, 'tile.comparator', 0, 0, 0, 0, 0, 0.6, 1, 0, 0, 0, 0, 0, 1, 0.125, 1, 13, 0, 4, 0, 1),
(150, 'tile.comparator', 0, 9, 0, 0, 0, 0.6, 1, 0, 0, 0, 0, 0, 1, 0.125, 1, 13, 0, 4, 0, 1),
(151, 'tile.daylightDetector', 0, 0, 1, 0.2, 0, 0.6, 1, 0, 0, 0, 0, 0, 1, 0.375, 1, 4, 0, 4, 300, 1),
(152, 'tile.blockRedstone', 255, 0, 30, 5, 0, 0.6, 1, 1, 1, 0, 0, 0, 1, 1, 1, 17, 22, 8, 0, 0),
(153, 'tile.netherquartz', 255, 0, 15, 3, 0, 0.6, 1, 1, 1, 0, 0, 0, 1, 1, 1, 1, 0, 1, 0, 0),
(154, 'tile.hopper', 0, 0, 24, 3, 0, 0.6, 1, 0, 0, 0, 0, 0, 1, 1, 1, 17, 0, 4, 0, 1),
(155, 'tile.quartzBlock', 255, 0, 4, 0.8, 0, 0.6, 1, 1, 1, 0, 0, 0, 1, 1, 1, 1, 16, 1, 0, 0),
(156, 'tile.stairsQuartz', 255, 0, 4, 0.8, 0, 0.6, 1, 0, 0, 0, 0, 0, 1, 1, 1, 1, 2, 1, 0, 1),
(157, 'tile.activatorRail', 0, 0, 3.5, 0.7, 0, 0.6, 1, 0, 0, 0, 0, 0, 1, 0.125, 1, 13, 0, 8, 0, 1),
(158, 'tile.dropper', 255, 0, 17.5, 3.5, 0, 0.6, 1, 1, 1, 0, 0, 0, 1, 1, 1, 1, 0, 1, 0, 0);

-- --------------------------------------------------------

--
-- Table structure for table `blocksound`
--

CREATE TABLE IF NOT EXISTS `blocksound` (
  `soundId` int(11) NOT NULL AUTO_INCREMENT,
  `name` varchar(64) COLLATE utf8_bin NOT NULL,
  `volume` float NOT NULL,
  `modifier` float NOT NULL,
  `stepSound` varchar(64) COLLATE utf8_bin NOT NULL,
  `placeSound` varchar(64) COLLATE utf8_bin NOT NULL,
  `breakSound` varchar(64) COLLATE utf8_bin NOT NULL,
  PRIMARY KEY (`soundId`)
) ENGINE=InnoDB  DEFAULT CHARSET=utf8 COLLATE=utf8_bin AUTO_INCREMENT=13 ;

--
-- Dumping data for table `blocksound`
--

INSERT INTO `blocksound` (`soundId`, `name`, `volume`, `modifier`, `stepSound`, `placeSound`, `breakSound`) VALUES
(1, 'UNKNOW', 1, 1, 'step.stone', 'dig.stone', 'dig.stone'),
(2, 'UNKNOW', 1, 1, 'step.grass', 'dig.grass', 'dig.grass'),
(3, 'UNKNOW', 1, 1, 'step.gravel', 'dig.gravel', 'dig.gravel'),
(4, 'UNKNOW', 1, 1, 'step.wood', 'dig.wood', 'dig.wood'),
(5, 'UNKNOW', 1, 1, 'step.stone', 'dig.stone', 'dig.stone'),
(6, 'UNKNOW', 1, 1, 'step.sand', 'dig.sand', 'dig.sand'),
(7, 'UNKNOW', 1, 1, 'step.stone', 'step.stone', 'random.glass'),
(8, 'UNKNOW', 1, 1.5, 'step.stone', 'dig.stone', 'dig.stone'),
(9, 'UNKNOW', 1, 1, 'step.cloth', 'dig.cloth', 'dig.cloth'),
(10, 'UNKNOW', 1, 1, 'step.ladder', 'dig.wood', 'dig.wood'),
(11, 'UNKNOW', 1, 1, 'step.snow', 'dig.snow', 'dig.snow'),
(12, 'UNKNOW', 0.3, 1, 'step.anvil', 'random.anvil_land', 'dig.stone');

-- --------------------------------------------------------

--
-- Table structure for table `craft`
--

CREATE TABLE IF NOT EXISTS `craft` (
  `id` int(11) NOT NULL AUTO_INCREMENT,
  `width` int(11) NOT NULL,
  `height` int(11) NOT NULL,
  `resultId` int(11) NOT NULL,
  `resultData` int(11) NOT NULL,
  `resultQuantity` int(11) NOT NULL,
  `scriptId` int(11) NOT NULL DEFAULT '0',
  PRIMARY KEY (`id`)
) ENGINE=InnoDB  DEFAULT CHARSET=utf8 COLLATE=utf8_bin AUTO_INCREMENT=185 ;

--
-- Dumping data for table `craft`
--

INSERT INTO `craft` (`id`, `width`, `height`, `resultId`, `resultData`, `resultQuantity`, `scriptId`) VALUES
(1, 3, 3, 270, 0, 1, 0),
(2, 3, 3, 274, 0, 1, 0),
(3, 3, 3, 257, 0, 1, 0),
(4, 3, 3, 278, 0, 1, 0),
(5, 3, 3, 285, 0, 1, 0),
(6, 3, 3, 261, 0, 1, 0),
(7, 3, 3, 41, 0, 1, 0),
(8, 3, 3, 42, 0, 1, 0),
(9, 3, 3, 57, 0, 1, 0),
(10, 3, 3, 133, 0, 1, 0),
(11, 3, 3, 22, 0, 1, 0),
(12, 3, 3, 152, 0, 1, 0),
(13, 3, 3, 266, 0, 1, 0),
(14, 3, 3, 103, 0, 1, 0),
(15, 3, 3, 54, 0, 1, 0),
(16, 3, 3, 130, 0, 1, 0),
(17, 3, 3, 61, 0, 1, 0),
(18, 3, 3, 123, 0, 1, 0),
(19, 3, 3, 138, 0, 1, 0),
(20, 3, 3, 299, 0, 1, 0),
(21, 3, 3, 300, 0, 1, 0),
(22, 3, 3, 303, 0, 1, 0),
(23, 3, 3, 304, 0, 1, 0),
(24, 3, 3, 307, 0, 1, 0),
(25, 3, 3, 308, 0, 1, 0),
(26, 3, 3, 311, 0, 1, 0),
(27, 3, 3, 312, 0, 1, 0),
(28, 3, 3, 315, 0, 1, 0),
(29, 3, 3, 316, 0, 1, 0),
(30, 3, 3, 395, 0, 0, 0),
(31, 3, 3, 84, 0, 1, 0),
(32, 3, 3, 25, 0, 1, 0),
(33, 3, 3, 47, 0, 1, 0),
(34, 3, 3, 46, 0, 1, 0),
(35, 3, 3, 65, 0, 3, 0),
(36, 3, 3, 323, 0, 3, 0),
(37, 3, 3, 354, 0, 1, 0),
(38, 3, 3, 66, 0, 16, 0),
(39, 3, 3, 27, 0, 6, 0),
(40, 3, 3, 157, 0, 6, 0),
(41, 3, 3, 28, 0, 6, 0),
(42, 3, 3, 380, 0, 1, 0),
(43, 3, 3, 53, 0, 4, 0),
(44, 3, 3, 135, 0, 4, 0),
(45, 3, 3, 134, 0, 4, 0),
(46, 3, 3, 136, 0, 4, 0),
(47, 3, 3, 346, 0, 1, 0),
(48, 3, 3, 67, 0, 4, 0),
(49, 3, 3, 108, 0, 4, 0),
(50, 3, 3, 109, 0, 4, 0),
(51, 3, 3, 114, 0, 4, 0),
(52, 3, 3, 128, 0, 4, 0),
(53, 3, 3, 156, 0, 4, 0),
(54, 3, 3, 321, 0, 1, 0),
(55, 3, 3, 389, 0, 1, 0),
(56, 3, 3, 322, 0, 1, 0),
(57, 3, 3, 322, 1, 1, 0),
(58, 3, 3, 396, 0, 1, 0),
(59, 3, 3, 404, 0, 1, 0),
(60, 3, 3, 347, 0, 1, 0),
(61, 3, 3, 345, 0, 1, 0),
(62, 3, 3, 395, 0, 1, 0),
(63, 3, 3, 23, 0, 1, 0),
(64, 3, 3, 158, 0, 1, 0),
(65, 3, 3, 33, 0, 1, 0),
(66, 3, 3, 116, 0, 1, 0),
(67, 3, 3, 145, 0, 1, 0),
(68, 3, 3, 151, 0, 1, 0),
(69, 3, 3, 154, 0, 1, 0),
(70, 2, 3, 271, 0, 1, 0),
(71, 2, 3, 290, 0, 1, 0),
(72, 2, 3, 275, 0, 1, 0),
(73, 2, 3, 291, 0, 1, 0),
(74, 2, 3, 258, 0, 1, 0),
(75, 2, 3, 292, 0, 1, 0),
(76, 2, 3, 279, 0, 1, 0),
(77, 2, 3, 293, 0, 1, 0),
(78, 2, 3, 286, 0, 1, 0),
(79, 2, 3, 294, 0, 1, 0),
(80, 3, 2, 101, 0, 16, 0),
(81, 3, 2, 102, 0, 16, 0),
(82, 3, 2, 298, 0, 1, 0),
(83, 3, 2, 301, 0, 1, 0),
(84, 3, 2, 302, 0, 1, 0),
(85, 3, 2, 305, 0, 1, 0),
(86, 3, 2, 306, 0, 1, 0),
(87, 3, 2, 309, 0, 1, 0),
(88, 3, 2, 310, 0, 1, 0),
(89, 3, 2, 313, 0, 1, 0),
(90, 3, 2, 314, 0, 1, 0),
(91, 3, 2, 317, 0, 1, 0),
(92, 3, 2, 85, 0, 2, 0),
(93, 3, 2, 139, 0, 6, 0),
(94, 3, 2, 139, 1, 6, 0),
(95, 3, 2, 113, 0, 6, 0),
(96, 3, 2, 107, 0, 1, 0),
(97, 2, 3, 324, 0, 1, 0),
(98, 3, 2, 96, 0, 2, 0),
(99, 2, 3, 330, 0, 1, 0),
(100, 3, 2, 281, 0, 4, 0),
(101, 3, 2, 374, 0, 3, 0),
(102, 3, 2, 328, 0, 1, 0),
(103, 3, 2, 379, 0, 1, 0),
(104, 3, 2, 333, 0, 1, 0),
(105, 3, 2, 325, 0, 1, 0),
(106, 3, 2, 390, 0, 1, 0),
(107, 3, 2, 356, 0, 1, 0),
(108, 3, 2, 355, 0, 1, 0),
(109, 2, 2, 359, 0, 1, 0),
(110, 2, 2, 58, 0, 1, 0),
(111, 2, 2, 24, 0, 1, 0),
(112, 2, 2, 24, 2, 4, 0),
(113, 2, 2, 98, 0, 4, 0),
(114, 2, 2, 112, 0, 1, 0),
(115, 2, 2, 80, 0, 1, 0),
(116, 2, 2, 82, 0, 1, 0),
(117, 2, 2, 45, 0, 1, 0),
(118, 2, 2, 89, 0, 1, 0),
(119, 2, 2, 155, 0, 1, 0),
(120, 2, 2, 35, 0, 1, 0),
(121, 2, 2, 259, 0, 1, 0),
(122, 2, 2, 398, 0, 1, 0),
(123, 1, 3, 269, 0, 1, 0),
(124, 1, 3, 273, 0, 1, 0),
(125, 1, 3, 256, 0, 1, 0),
(126, 1, 3, 277, 0, 1, 0),
(127, 1, 3, 284, 0, 1, 0),
(128, 1, 3, 268, 0, 1, 0),
(129, 1, 3, 272, 0, 1, 0),
(130, 1, 3, 267, 0, 1, 0),
(131, 1, 3, 276, 0, 1, 0),
(132, 1, 3, 283, 0, 1, 0),
(133, 1, 3, 262, 0, 4, 0),
(134, 3, 1, 357, 0, 8, 0),
(135, 3, 1, 339, 0, 3, 0),
(136, 3, 1, 78, 0, 6, 0),
(137, 3, 1, 44, 3, 6, 0),
(138, 3, 1, 44, 0, 6, 0),
(139, 3, 1, 44, 1, 6, 0),
(140, 3, 1, 44, 4, 6, 0),
(141, 3, 1, 44, 5, 6, 0),
(142, 3, 1, 44, 6, 6, 0),
(143, 3, 1, 44, 7, 6, 0),
(144, 3, 1, 126, 0, 6, 0),
(145, 3, 1, 126, 2, 6, 0),
(146, 3, 1, 126, 1, 6, 0),
(147, 3, 1, 126, 3, 6, 0),
(148, 3, 1, 297, 0, 1, 0),
(149, 1, 3, 131, 0, 2, 0),
(150, 2, 1, 146, 0, 1, 0),
(151, 1, 2, 24, 1, 1, 0),
(152, 1, 2, 155, 1, 1, 0),
(153, 1, 2, 155, 2, 2, 0),
(154, 1, 2, 280, 0, 4, 0),
(155, 1, 2, 50, 0, 4, 0),
(156, 1, 2, 50, 0, 4, 0),
(157, 1, 2, 91, 0, 1, 0),
(158, 1, 2, 342, 0, 1, 0),
(159, 1, 2, 343, 0, 1, 0),
(160, 1, 2, 407, 0, 1, 0),
(161, 1, 2, 408, 0, 1, 0),
(162, 1, 2, 69, 0, 1, 0),
(163, 1, 2, 76, 0, 1, 0),
(164, 2, 1, 70, 0, 1, 0),
(165, 2, 1, 72, 0, 1, 0),
(166, 2, 1, 148, 0, 1, 0),
(167, 2, 1, 147, 0, 1, 0),
(168, 1, 2, 29, 0, 1, 0),
(169, 1, 1, 266, 0, 9, 0),
(170, 1, 1, 265, 0, 9, 0),
(171, 1, 1, 264, 0, 9, 0),
(172, 1, 1, 388, 0, 9, 0),
(173, 1, 1, 351, 4, 9, 0),
(174, 1, 1, 331, 0, 9, 0),
(175, 1, 1, 371, 0, 9, 0),
(176, 1, 1, 362, 0, 1, 0),
(177, 1, 1, 361, 0, 4, 0),
(178, 1, 1, 353, 0, 1, 0),
(179, 1, 1, 5, 0, 4, 0),
(180, 1, 1, 5, 1, 4, 0),
(181, 1, 1, 5, 2, 4, 0),
(182, 1, 1, 5, 3, 4, 0),
(183, 1, 1, 77, 0, 1, 0),
(184, 1, 1, 143, 0, 1, 0);

-- --------------------------------------------------------

--
-- Table structure for table `craft_slot`
--

CREATE TABLE IF NOT EXISTS `craft_slot` (
  `id` int(11) NOT NULL AUTO_INCREMENT,
  `craftId` int(11) NOT NULL,
  `itemId` int(11) NOT NULL,
  `itemData` int(11) NOT NULL,
  PRIMARY KEY (`id`,`craftId`),
  KEY `fk_craft` (`craftId`)
) ENGINE=InnoDB  DEFAULT CHARSET=utf8 COLLATE=utf8_bin AUTO_INCREMENT=1047 ;

--
-- Dumping data for table `craft_slot`
--

INSERT INTO `craft_slot` (`id`, `craftId`, `itemId`, `itemData`) VALUES
(1, 1, 5, -1),
(2, 1, 5, -1),
(3, 1, 5, -1),
(4, 1, 0, 0),
(5, 1, 280, 0),
(6, 1, 0, 0),
(7, 1, 0, 0),
(8, 1, 280, 0),
(9, 1, 0, 0),
(10, 2, 4, -1),
(11, 2, 4, -1),
(12, 2, 4, -1),
(13, 2, 0, 0),
(14, 2, 280, 0),
(15, 2, 0, 0),
(16, 2, 0, 0),
(17, 2, 280, 0),
(18, 2, 0, 0),
(19, 3, 265, 0),
(20, 3, 265, 0),
(21, 3, 265, 0),
(22, 3, 0, 0),
(23, 3, 280, 0),
(24, 3, 0, 0),
(25, 3, 0, 0),
(26, 3, 280, 0),
(27, 3, 0, 0),
(28, 4, 264, 0),
(29, 4, 264, 0),
(30, 4, 264, 0),
(31, 4, 0, 0),
(32, 4, 280, 0),
(33, 4, 0, 0),
(34, 4, 0, 0),
(35, 4, 280, 0),
(36, 4, 0, 0),
(37, 5, 266, 0),
(38, 5, 266, 0),
(39, 5, 266, 0),
(40, 5, 0, 0),
(41, 5, 280, 0),
(42, 5, 0, 0),
(43, 5, 0, 0),
(44, 5, 280, 0),
(45, 5, 0, 0),
(46, 6, 0, 0),
(47, 6, 280, 0),
(48, 6, 287, 0),
(49, 6, 280, 0),
(50, 6, 0, 0),
(51, 6, 287, 0),
(52, 6, 0, 0),
(53, 6, 280, 0),
(54, 6, 287, 0),
(55, 7, 266, 0),
(56, 7, 266, 0),
(57, 7, 266, 0),
(58, 7, 266, 0),
(59, 7, 266, 0),
(60, 7, 266, 0),
(61, 7, 266, 0),
(62, 7, 266, 0),
(63, 7, 266, 0),
(64, 8, 265, 0),
(65, 8, 265, 0),
(66, 8, 265, 0),
(67, 8, 265, 0),
(68, 8, 265, 0),
(69, 8, 265, 0),
(70, 8, 265, 0),
(71, 8, 265, 0),
(72, 8, 265, 0),
(73, 9, 264, 0),
(74, 9, 264, 0),
(75, 9, 264, 0),
(76, 9, 264, 0),
(77, 9, 264, 0),
(78, 9, 264, 0),
(79, 9, 264, 0),
(80, 9, 264, 0),
(81, 9, 264, 0),
(82, 10, 388, 0),
(83, 10, 388, 0),
(84, 10, 388, 0),
(85, 10, 388, 0),
(86, 10, 388, 0),
(87, 10, 388, 0),
(88, 10, 388, 0),
(89, 10, 388, 0),
(90, 10, 388, 0),
(91, 11, 351, 4),
(92, 11, 351, 4),
(93, 11, 351, 4),
(94, 11, 351, 4),
(95, 11, 351, 4),
(96, 11, 351, 4),
(97, 11, 351, 4),
(98, 11, 351, 4),
(99, 11, 351, 4),
(100, 12, 331, 0),
(101, 12, 331, 0),
(102, 12, 331, 0),
(103, 12, 331, 0),
(104, 12, 331, 0),
(105, 12, 331, 0),
(106, 12, 331, 0),
(107, 12, 331, 0),
(108, 12, 331, 0),
(109, 13, 371, 0),
(110, 13, 371, 0),
(111, 13, 371, 0),
(112, 13, 371, 0),
(113, 13, 371, 0),
(114, 13, 371, 0),
(115, 13, 371, 0),
(116, 13, 371, 0),
(117, 13, 371, 0),
(118, 14, 360, 0),
(119, 14, 360, 0),
(120, 14, 360, 0),
(121, 14, 360, 0),
(122, 14, 360, 0),
(123, 14, 360, 0),
(124, 14, 360, 0),
(125, 14, 360, 0),
(126, 14, 360, 0),
(127, 15, 5, -1),
(128, 15, 5, -1),
(129, 15, 5, -1),
(130, 15, 5, -1),
(131, 15, 0, 0),
(132, 15, 5, -1),
(133, 15, 5, -1),
(134, 15, 5, -1),
(135, 15, 5, -1),
(136, 16, 49, -1),
(137, 16, 49, -1),
(138, 16, 49, -1),
(139, 16, 49, -1),
(140, 16, 381, 0),
(141, 16, 49, -1),
(142, 16, 49, -1),
(143, 16, 49, -1),
(144, 16, 49, -1),
(145, 17, 4, -1),
(146, 17, 4, -1),
(147, 17, 4, -1),
(148, 17, 4, -1),
(149, 17, 0, 0),
(150, 17, 4, -1),
(151, 17, 4, -1),
(152, 17, 4, -1),
(153, 17, 4, -1),
(154, 18, 0, 0),
(155, 18, 331, 0),
(156, 18, 0, 0),
(157, 18, 331, 0),
(158, 18, 89, -1),
(159, 18, 331, 0),
(160, 18, 0, 0),
(161, 18, 331, 0),
(162, 18, 0, 0),
(163, 19, 20, -1),
(164, 19, 20, -1),
(165, 19, 20, -1),
(166, 19, 20, -1),
(167, 19, 399, 0),
(168, 19, 20, -1),
(169, 19, 49, -1),
(170, 19, 49, -1),
(171, 19, 49, -1),
(172, 20, 334, 0),
(173, 20, 0, 0),
(174, 20, 334, 0),
(175, 20, 334, 0),
(176, 20, 334, 0),
(177, 20, 334, 0),
(178, 20, 334, 0),
(179, 20, 334, 0),
(180, 20, 334, 0),
(181, 21, 334, 0),
(182, 21, 334, 0),
(183, 21, 334, 0),
(184, 21, 334, 0),
(185, 21, 0, 0),
(186, 21, 334, 0),
(187, 21, 334, 0),
(188, 21, 0, 0),
(189, 21, 334, 0),
(190, 22, 51, -1),
(191, 22, 0, 0),
(192, 22, 51, -1),
(193, 22, 51, -1),
(194, 22, 51, -1),
(195, 22, 51, -1),
(196, 22, 51, -1),
(197, 22, 51, -1),
(198, 22, 51, -1),
(199, 23, 51, -1),
(200, 23, 51, -1),
(201, 23, 51, -1),
(202, 23, 51, -1),
(203, 23, 0, 0),
(204, 23, 51, -1),
(205, 23, 51, -1),
(206, 23, 0, 0),
(207, 23, 51, -1),
(208, 24, 265, 0),
(209, 24, 0, 0),
(210, 24, 265, 0),
(211, 24, 265, 0),
(212, 24, 265, 0),
(213, 24, 265, 0),
(214, 24, 265, 0),
(215, 24, 265, 0),
(216, 24, 265, 0),
(217, 25, 265, 0),
(218, 25, 265, 0),
(219, 25, 265, 0),
(220, 25, 265, 0),
(221, 25, 0, 0),
(222, 25, 265, 0),
(223, 25, 265, 0),
(224, 25, 0, 0),
(225, 25, 265, 0),
(226, 26, 264, 0),
(227, 26, 0, 0),
(228, 26, 264, 0),
(229, 26, 264, 0),
(230, 26, 264, 0),
(231, 26, 264, 0),
(232, 26, 264, 0),
(233, 26, 264, 0),
(234, 26, 264, 0),
(235, 27, 264, 0),
(236, 27, 264, 0),
(237, 27, 264, 0),
(238, 27, 264, 0),
(239, 27, 0, 0),
(240, 27, 264, 0),
(241, 27, 264, 0),
(242, 27, 0, 0),
(243, 27, 264, 0),
(244, 28, 266, 0),
(245, 28, 0, 0),
(246, 28, 266, 0),
(247, 28, 266, 0),
(248, 28, 266, 0),
(249, 28, 266, 0),
(250, 28, 266, 0),
(251, 28, 266, 0),
(252, 28, 266, 0),
(253, 29, 266, 0),
(254, 29, 266, 0),
(255, 29, 266, 0),
(256, 29, 266, 0),
(257, 29, 0, 0),
(258, 29, 266, 0),
(259, 29, 266, 0),
(260, 29, 0, 0),
(261, 29, 266, 0),
(262, 30, 339, 0),
(263, 30, 339, 0),
(264, 30, 339, 0),
(265, 30, 339, 0),
(266, 30, 358, -1),
(267, 30, 339, 0),
(268, 30, 339, 0),
(269, 30, 339, 0),
(270, 30, 339, 0),
(271, 31, 5, -1),
(272, 31, 5, -1),
(273, 31, 5, -1),
(274, 31, 5, -1),
(275, 31, 264, 0),
(276, 31, 5, -1),
(277, 31, 5, -1),
(278, 31, 5, -1),
(279, 31, 5, -1),
(280, 32, 5, -1),
(281, 32, 5, -1),
(282, 32, 5, -1),
(283, 32, 5, -1),
(284, 32, 331, 0),
(285, 32, 5, -1),
(286, 32, 5, -1),
(287, 32, 5, -1),
(288, 32, 5, -1),
(289, 33, 5, -1),
(290, 33, 5, -1),
(291, 33, 5, -1),
(292, 33, 340, 0),
(293, 33, 340, 0),
(294, 33, 340, 0),
(295, 33, 5, -1),
(296, 33, 5, -1),
(297, 33, 5, -1),
(298, 34, 289, 0),
(299, 34, 12, -1),
(300, 34, 289, 0),
(301, 34, 12, -1),
(302, 34, 289, 0),
(303, 34, 12, -1),
(304, 34, 289, 0),
(305, 34, 12, -1),
(306, 34, 289, 0),
(307, 35, 280, 0),
(308, 35, 0, 0),
(309, 35, 280, 0),
(310, 35, 280, 0),
(311, 35, 280, 0),
(312, 35, 280, 0),
(313, 35, 280, 0),
(314, 35, 0, 0),
(315, 35, 280, 0),
(316, 36, 5, -1),
(317, 36, 5, -1),
(318, 36, 5, -1),
(319, 36, 5, -1),
(320, 36, 5, -1),
(321, 36, 5, -1),
(322, 36, 0, 0),
(323, 36, 280, 0),
(324, 36, 0, 0),
(325, 37, 335, 0),
(326, 37, 335, 0),
(327, 37, 335, 0),
(328, 37, 353, 0),
(329, 37, 344, 0),
(330, 37, 353, 0),
(331, 37, 296, 0),
(332, 37, 296, 0),
(333, 37, 296, 0),
(334, 38, 265, 0),
(335, 38, 0, 0),
(336, 38, 265, 0),
(337, 38, 265, 0),
(338, 38, 280, 0),
(339, 38, 265, 0),
(340, 38, 265, 0),
(341, 38, 0, 0),
(342, 38, 265, 0),
(343, 39, 266, 0),
(344, 39, 0, 0),
(345, 39, 266, 0),
(346, 39, 266, 0),
(347, 39, 280, 0),
(348, 39, 266, 0),
(349, 39, 266, 0),
(350, 39, 331, 0),
(351, 39, 266, 0),
(352, 40, 265, 0),
(353, 40, 280, 0),
(354, 40, 265, 0),
(355, 40, 265, 0),
(356, 40, 76, -1),
(357, 40, 265, 0),
(358, 40, 265, 0),
(359, 40, 280, 0),
(360, 40, 265, 0),
(361, 41, 265, 0),
(362, 41, 0, 0),
(363, 41, 265, 0),
(364, 41, 265, 0),
(365, 41, 70, -1),
(366, 41, 265, 0),
(367, 41, 265, 0),
(368, 41, 331, 0),
(369, 41, 265, 0),
(370, 42, 265, 0),
(371, 42, 0, 0),
(372, 42, 265, 0),
(373, 42, 265, 0),
(374, 42, 0, 0),
(375, 42, 265, 0),
(376, 42, 265, 0),
(377, 42, 265, 0),
(378, 42, 265, 0),
(379, 43, 5, 0),
(380, 43, 0, 0),
(381, 43, 0, 0),
(382, 43, 5, 0),
(383, 43, 5, 0),
(384, 43, 0, 0),
(385, 43, 5, 0),
(386, 43, 5, 0),
(387, 43, 5, 0),
(388, 44, 5, 2),
(389, 44, 0, 0),
(390, 44, 0, 0),
(391, 44, 5, 2),
(392, 44, 5, 2),
(393, 44, 0, 0),
(394, 44, 5, 2),
(395, 44, 5, 2),
(396, 44, 5, 2),
(397, 45, 5, 1),
(398, 45, 0, 0),
(399, 45, 0, 0),
(400, 45, 5, 1),
(401, 45, 5, 1),
(402, 45, 0, 0),
(403, 45, 5, 1),
(404, 45, 5, 1),
(405, 45, 5, 1),
(406, 46, 5, 3),
(407, 46, 0, 0),
(408, 46, 0, 0),
(409, 46, 5, 3),
(410, 46, 5, 3),
(411, 46, 0, 0),
(412, 46, 5, 3),
(413, 46, 5, 3),
(414, 46, 5, 3),
(415, 47, 0, 0),
(416, 47, 0, 0),
(417, 47, 280, 0),
(418, 47, 0, 0),
(419, 47, 280, 0),
(420, 47, 287, 0),
(421, 47, 280, 0),
(422, 47, 0, 0),
(423, 47, 287, 0),
(424, 48, 4, -1),
(425, 48, 0, 0),
(426, 48, 0, 0),
(427, 48, 4, -1),
(428, 48, 4, -1),
(429, 48, 0, 0),
(430, 48, 4, -1),
(431, 48, 4, -1),
(432, 48, 4, -1),
(433, 49, 45, -1),
(434, 49, 0, 0),
(435, 49, 0, 0),
(436, 49, 45, -1),
(437, 49, 45, -1),
(438, 49, 0, 0),
(439, 49, 45, -1),
(440, 49, 45, -1),
(441, 49, 45, -1),
(442, 50, 98, -1),
(443, 50, 0, 0),
(444, 50, 0, 0),
(445, 50, 98, -1),
(446, 50, 98, -1),
(447, 50, 0, 0),
(448, 50, 98, -1),
(449, 50, 98, -1),
(450, 50, 98, -1),
(451, 51, 112, -1),
(452, 51, 0, 0),
(453, 51, 0, 0),
(454, 51, 112, -1),
(455, 51, 112, -1),
(456, 51, 0, 0),
(457, 51, 112, -1),
(458, 51, 112, -1),
(459, 51, 112, -1),
(460, 52, 24, -1),
(461, 52, 0, 0),
(462, 52, 0, 0),
(463, 52, 24, -1),
(464, 52, 24, -1),
(465, 52, 0, 0),
(466, 52, 24, -1),
(467, 52, 24, -1),
(468, 52, 24, -1),
(469, 53, 155, -1),
(470, 53, 0, 0),
(471, 53, 0, 0),
(472, 53, 155, -1),
(473, 53, 155, -1),
(474, 53, 0, 0),
(475, 53, 155, -1),
(476, 53, 155, -1),
(477, 53, 155, -1),
(478, 54, 280, 0),
(479, 54, 280, 0),
(480, 54, 280, 0),
(481, 54, 280, 0),
(482, 54, 35, -1),
(483, 54, 280, 0),
(484, 54, 280, 0),
(485, 54, 280, 0),
(486, 54, 280, 0),
(487, 55, 280, 0),
(488, 55, 280, 0),
(489, 55, 280, 0),
(490, 55, 280, 0),
(491, 55, 334, 0),
(492, 55, 280, 0),
(493, 55, 280, 0),
(494, 55, 280, 0),
(495, 55, 280, 0),
(496, 56, 371, 0),
(497, 56, 371, 0),
(498, 56, 371, 0),
(499, 56, 371, 0),
(500, 56, 260, 0),
(501, 56, 371, 0),
(502, 56, 371, 0),
(503, 56, 371, 0),
(504, 56, 371, 0),
(505, 57, 41, -1),
(506, 57, 41, -1),
(507, 57, 41, -1),
(508, 57, 41, -1),
(509, 57, 260, 0),
(510, 57, 41, -1),
(511, 57, 41, -1),
(512, 57, 41, -1),
(513, 57, 41, -1),
(514, 58, 371, 0),
(515, 58, 371, 0),
(516, 58, 371, 0),
(517, 58, 371, 0),
(518, 58, 391, 0),
(519, 58, 371, 0),
(520, 58, 371, 0),
(521, 58, 371, 0),
(522, 58, 371, 0),
(523, 59, 0, 0),
(524, 59, 76, -1),
(525, 59, 0, 0),
(526, 59, 76, -1),
(527, 59, 406, 0),
(528, 59, 76, -1),
(529, 59, 1, -1),
(530, 59, 1, -1),
(531, 59, 1, -1),
(532, 60, 0, 0),
(533, 60, 266, 0),
(534, 60, 0, 0),
(535, 60, 266, 0),
(536, 60, 331, 0),
(537, 60, 266, 0),
(538, 60, 0, 0),
(539, 60, 266, 0),
(540, 60, 0, 0),
(541, 61, 0, 0),
(542, 61, 265, 0),
(543, 61, 0, 0),
(544, 61, 265, 0),
(545, 61, 331, 0),
(546, 61, 265, 0),
(547, 61, 0, 0),
(548, 61, 265, 0),
(549, 61, 0, 0),
(550, 62, 339, 0),
(551, 62, 339, 0),
(552, 62, 339, 0),
(553, 62, 339, 0),
(554, 62, 345, 0),
(555, 62, 339, 0),
(556, 62, 339, 0),
(557, 62, 339, 0),
(558, 62, 339, 0),
(559, 63, 4, -1),
(560, 63, 4, -1),
(561, 63, 4, -1),
(562, 63, 4, -1),
(563, 63, 261, 0),
(564, 63, 4, -1),
(565, 63, 4, -1),
(566, 63, 331, 0),
(567, 63, 4, -1),
(568, 64, 4, -1),
(569, 64, 4, -1),
(570, 64, 4, -1),
(571, 64, 4, -1),
(572, 64, 0, 0),
(573, 64, 4, -1),
(574, 64, 4, -1),
(575, 64, 331, 0),
(576, 64, 4, -1),
(577, 65, 5, -1),
(578, 65, 5, -1),
(579, 65, 5, -1),
(580, 65, 4, -1),
(581, 65, 265, 0),
(582, 65, 4, -1),
(583, 65, 4, -1),
(584, 65, 331, 0),
(585, 65, 4, -1),
(586, 66, 0, 0),
(587, 66, 340, 0),
(588, 66, 0, 0),
(589, 66, 264, 0),
(590, 66, 49, -1),
(591, 66, 264, 0),
(592, 66, 49, -1),
(593, 66, 49, -1),
(594, 66, 49, -1),
(595, 67, 42, -1),
(596, 67, 42, -1),
(597, 67, 42, -1),
(598, 67, 0, 0),
(599, 67, 265, 0),
(600, 67, 0, 0),
(601, 67, 265, 0),
(602, 67, 265, 0),
(603, 67, 265, 0),
(604, 68, 20, -1),
(605, 68, 20, -1),
(606, 68, 20, -1),
(607, 68, 406, 0),
(608, 68, 406, 0),
(609, 68, 406, 0),
(610, 68, 126, -1),
(611, 68, 126, -1),
(612, 68, 126, -1),
(613, 69, 265, 0),
(614, 69, 0, 0),
(615, 69, 265, 0),
(616, 69, 265, 0),
(617, 69, 54, -1),
(618, 69, 265, 0),
(619, 69, 0, 0),
(620, 69, 265, 0),
(621, 69, 0, 0),
(622, 70, 5, -1),
(623, 70, 5, -1),
(624, 70, 5, -1),
(625, 70, 280, 0),
(626, 70, 0, 0),
(627, 70, 280, 0),
(628, 71, 5, -1),
(629, 71, 5, -1),
(630, 71, 0, 0),
(631, 71, 280, 0),
(632, 71, 0, 0),
(633, 71, 280, 0),
(634, 72, 4, -1),
(635, 72, 4, -1),
(636, 72, 4, -1),
(637, 72, 280, 0),
(638, 72, 0, 0),
(639, 72, 280, 0),
(640, 73, 4, -1),
(641, 73, 4, -1),
(642, 73, 0, 0),
(643, 73, 280, 0),
(644, 73, 0, 0),
(645, 73, 280, 0),
(646, 74, 265, 0),
(647, 74, 265, 0),
(648, 74, 265, 0),
(649, 74, 280, 0),
(650, 74, 0, 0),
(651, 74, 280, 0),
(652, 75, 265, 0),
(653, 75, 265, 0),
(654, 75, 0, 0),
(655, 75, 280, 0),
(656, 75, 0, 0),
(657, 75, 280, 0),
(658, 76, 264, 0),
(659, 76, 264, 0),
(660, 76, 264, 0),
(661, 76, 280, 0),
(662, 76, 0, 0),
(663, 76, 280, 0),
(664, 77, 264, 0),
(665, 77, 264, 0),
(666, 77, 0, 0),
(667, 77, 280, 0),
(668, 77, 0, 0),
(669, 77, 280, 0),
(670, 78, 266, 0),
(671, 78, 266, 0),
(672, 78, 266, 0),
(673, 78, 280, 0),
(674, 78, 0, 0),
(675, 78, 280, 0),
(676, 79, 266, 0),
(677, 79, 266, 0),
(678, 79, 0, 0),
(679, 79, 280, 0),
(680, 79, 0, 0),
(681, 79, 280, 0),
(682, 80, 265, 0),
(683, 80, 265, 0),
(684, 80, 265, 0),
(685, 80, 265, 0),
(686, 80, 265, 0),
(687, 80, 265, 0),
(688, 81, 20, -1),
(689, 81, 20, -1),
(690, 81, 20, -1),
(691, 81, 20, -1),
(692, 81, 20, -1),
(693, 81, 20, -1),
(694, 82, 334, 0),
(695, 82, 334, 0),
(696, 82, 334, 0),
(697, 82, 334, 0),
(698, 82, 0, 0),
(699, 82, 334, 0),
(700, 83, 334, 0),
(701, 83, 0, 0),
(702, 83, 334, 0),
(703, 83, 334, 0),
(704, 83, 0, 0),
(705, 83, 334, 0),
(706, 84, 51, -1),
(707, 84, 51, -1),
(708, 84, 51, -1),
(709, 84, 51, -1),
(710, 84, 0, 0),
(711, 84, 51, -1),
(712, 85, 51, -1),
(713, 85, 0, 0),
(714, 85, 51, -1),
(715, 85, 51, -1),
(716, 85, 0, 0),
(717, 85, 51, -1),
(718, 86, 265, 0),
(719, 86, 265, 0),
(720, 86, 265, 0),
(721, 86, 265, 0),
(722, 86, 0, 0),
(723, 86, 265, 0),
(724, 87, 265, 0),
(725, 87, 0, 0),
(726, 87, 265, 0),
(727, 87, 265, 0),
(728, 87, 0, 0),
(729, 87, 265, 0),
(730, 88, 264, 0),
(731, 88, 264, 0),
(732, 88, 264, 0),
(733, 88, 264, 0),
(734, 88, 0, 0),
(735, 88, 264, 0),
(736, 89, 264, 0),
(737, 89, 0, 0),
(738, 89, 264, 0),
(739, 89, 264, 0),
(740, 89, 0, 0),
(741, 89, 264, 0),
(742, 90, 266, 0),
(743, 90, 266, 0),
(744, 90, 266, 0),
(745, 90, 266, 0),
(746, 90, 0, 0),
(747, 90, 266, 0),
(748, 91, 266, 0),
(749, 91, 0, 0),
(750, 91, 266, 0),
(751, 91, 266, 0),
(752, 91, 0, 0),
(753, 91, 266, 0),
(754, 92, 280, 0),
(755, 92, 280, 0),
(756, 92, 280, 0),
(757, 92, 280, 0),
(758, 92, 280, 0),
(759, 92, 280, 0),
(760, 93, 4, -1),
(761, 93, 4, -1),
(762, 93, 4, -1),
(763, 93, 4, -1),
(764, 93, 4, -1),
(765, 93, 4, -1),
(766, 94, 48, -1),
(767, 94, 48, -1),
(768, 94, 48, -1),
(769, 94, 48, -1),
(770, 94, 48, -1),
(771, 94, 48, -1),
(772, 95, 112, -1),
(773, 95, 112, -1),
(774, 95, 112, -1),
(775, 95, 112, -1),
(776, 95, 112, -1),
(777, 95, 112, -1),
(778, 96, 280, 0),
(779, 96, 5, -1),
(780, 96, 280, 0),
(781, 96, 280, 0),
(782, 96, 5, -1),
(783, 96, 280, 0),
(784, 97, 5, -1),
(785, 97, 5, -1),
(786, 97, 5, -1),
(787, 97, 5, -1),
(788, 97, 5, -1),
(789, 97, 5, -1),
(790, 98, 5, -1),
(791, 98, 5, -1),
(792, 98, 5, -1),
(793, 98, 5, -1),
(794, 98, 5, -1),
(795, 98, 5, -1),
(796, 99, 265, 0),
(797, 99, 265, 0),
(798, 99, 265, 0),
(799, 99, 265, 0),
(800, 99, 265, 0),
(801, 99, 265, 0),
(802, 100, 5, -1),
(803, 100, 0, 0),
(804, 100, 5, -1),
(805, 100, 0, 0),
(806, 100, 5, -1),
(807, 100, 0, 0),
(808, 101, 20, -1),
(809, 101, 0, 0),
(810, 101, 20, -1),
(811, 101, 0, 0),
(812, 101, 20, -1),
(813, 101, 0, 0),
(814, 102, 265, 0),
(815, 102, 0, 0),
(816, 102, 265, 0),
(817, 102, 265, 0),
(818, 102, 265, 0),
(819, 102, 265, 0),
(820, 103, 0, 0),
(821, 103, 369, 0),
(822, 103, 0, 0),
(823, 103, 4, -1),
(824, 103, 4, -1),
(825, 103, 4, -1),
(826, 104, 5, -1),
(827, 104, 0, 0),
(828, 104, 5, -1),
(829, 104, 5, -1),
(830, 104, 5, -1),
(831, 104, 5, -1),
(832, 105, 265, 0),
(833, 105, 0, 0),
(834, 105, 265, 0),
(835, 105, 0, 0),
(836, 105, 265, 0),
(837, 105, 0, 0),
(838, 106, 336, 0),
(839, 106, 0, 0),
(840, 106, 336, 0),
(841, 106, 0, 0),
(842, 106, 336, 0),
(843, 106, 0, 0),
(844, 107, 76, -1),
(845, 107, 331, 0),
(846, 107, 76, -1),
(847, 107, 1, -1),
(848, 107, 1, -1),
(849, 107, 1, -1),
(850, 108, 35, -1),
(851, 108, 35, -1),
(852, 108, 35, -1),
(853, 108, 5, -1),
(854, 108, 5, -1),
(855, 108, 5, -1),
(856, 109, 0, 0),
(857, 109, 265, 0),
(858, 109, 265, 0),
(859, 109, 0, 0),
(860, 110, 5, -1),
(861, 110, 5, -1),
(862, 110, 5, -1),
(863, 110, 5, -1),
(864, 111, 12, -1),
(865, 111, 12, -1),
(866, 111, 12, -1),
(867, 111, 12, -1),
(868, 112, 24, -1),
(869, 112, 24, -1),
(870, 112, 24, -1),
(871, 112, 24, -1),
(872, 113, 1, -1),
(873, 113, 1, -1),
(874, 113, 1, -1),
(875, 113, 1, -1),
(876, 114, 405, 0),
(877, 114, 405, 0),
(878, 114, 405, 0),
(879, 114, 405, 0),
(880, 115, 332, 0),
(881, 115, 332, 0),
(882, 115, 332, 0),
(883, 115, 332, 0),
(884, 116, 337, 0),
(885, 116, 337, 0),
(886, 116, 337, 0),
(887, 116, 337, 0),
(888, 117, 336, 0),
(889, 117, 336, 0),
(890, 117, 336, 0),
(891, 117, 336, 0),
(892, 118, 348, 0),
(893, 118, 348, 0),
(894, 118, 348, 0),
(895, 118, 348, 0),
(896, 119, 406, 0),
(897, 119, 406, 0),
(898, 119, 406, 0),
(899, 119, 406, 0),
(900, 120, 287, 0),
(901, 120, 287, 0),
(902, 120, 287, 0),
(903, 120, 287, 0),
(904, 121, 265, 0),
(905, 121, 0, 0),
(906, 121, 0, 0),
(907, 121, 318, 0),
(908, 122, 346, 0),
(909, 122, 0, 0),
(910, 122, 0, 0),
(911, 122, 391, 0),
(912, 123, 5, -1),
(913, 123, 280, 0),
(914, 123, 280, 0),
(915, 124, 4, -1),
(916, 124, 280, 0),
(917, 124, 280, 0),
(918, 125, 265, 0),
(919, 125, 280, 0),
(920, 125, 280, 0),
(921, 126, 264, 0),
(922, 126, 280, 0),
(923, 126, 280, 0),
(924, 127, 266, 0),
(925, 127, 280, 0),
(926, 127, 280, 0),
(927, 128, 5, -1),
(928, 128, 5, -1),
(929, 128, 280, 0),
(930, 129, 4, -1),
(931, 129, 4, -1),
(932, 129, 280, 0),
(933, 130, 265, 0),
(934, 130, 265, 0),
(935, 130, 280, 0),
(936, 131, 264, 0),
(937, 131, 264, 0),
(938, 131, 280, 0),
(939, 132, 266, 0),
(940, 132, 266, 0),
(941, 132, 280, 0),
(942, 133, 318, 0),
(943, 133, 280, 0),
(944, 133, 288, 0),
(945, 134, 296, 0),
(946, 134, 351, 3),
(947, 134, 296, 0),
(948, 135, 338, 0),
(949, 135, 338, 0),
(950, 135, 338, 0),
(951, 136, 80, -1),
(952, 136, 80, -1),
(953, 136, 80, -1),
(954, 137, 4, -1),
(955, 137, 4, -1),
(956, 137, 4, -1),
(957, 138, 1, -1),
(958, 138, 1, -1),
(959, 138, 1, -1),
(960, 139, 24, -1),
(961, 139, 24, -1),
(962, 139, 24, -1),
(963, 140, 45, -1),
(964, 140, 45, -1),
(965, 140, 45, -1),
(966, 141, 98, -1),
(967, 141, 98, -1),
(968, 141, 98, -1),
(969, 142, 112, -1),
(970, 142, 112, -1),
(971, 142, 112, -1),
(972, 143, 155, -1),
(973, 143, 155, -1),
(974, 143, 155, -1),
(975, 144, 5, 0),
(976, 144, 5, 0),
(977, 144, 5, 0),
(978, 145, 5, 2),
(979, 145, 5, 2),
(980, 145, 5, 2),
(981, 146, 5, 1),
(982, 146, 5, 1),
(983, 146, 5, 1),
(984, 147, 5, 3),
(985, 147, 5, 3),
(986, 147, 5, 3),
(987, 148, 296, 0),
(988, 148, 296, 0),
(989, 148, 296, 0),
(990, 149, 265, 0),
(991, 149, 280, 0),
(992, 149, 5, -1),
(993, 150, 54, -1),
(994, 150, 131, -1),
(995, 151, 44, 1),
(996, 151, 44, 1),
(997, 152, 44, 7),
(998, 152, 44, 7),
(999, 153, 155, 0),
(1000, 153, 155, 0),
(1001, 154, 5, -1),
(1002, 154, 5, -1),
(1003, 155, 263, 0),
(1004, 155, 280, 0),
(1005, 156, 263, 1),
(1006, 156, 280, 0),
(1007, 157, 86, -1),
(1008, 157, 50, -1),
(1009, 158, 54, -1),
(1010, 158, 328, 0),
(1011, 159, 61, -1),
(1012, 159, 328, 0),
(1013, 160, 46, -1),
(1014, 160, 328, 0),
(1015, 161, 154, -1),
(1016, 161, 328, 0),
(1017, 162, 280, 0),
(1018, 162, 4, -1),
(1019, 163, 331, 0),
(1020, 163, 280, 0),
(1021, 164, 1, -1),
(1022, 164, 1, -1),
(1023, 165, 5, -1),
(1024, 165, 5, -1),
(1025, 166, 265, 0),
(1026, 166, 265, 0),
(1027, 167, 266, 0),
(1028, 167, 266, 0),
(1029, 168, 341, 0),
(1030, 168, 33, -1),
(1031, 169, 41, -1),
(1032, 170, 42, -1),
(1033, 171, 57, -1),
(1034, 172, 133, -1),
(1035, 173, 22, -1),
(1036, 174, 152, -1),
(1037, 175, 266, 0),
(1038, 176, 360, 0),
(1039, 177, 86, -1),
(1040, 178, 338, 0),
(1041, 179, 17, 0),
(1042, 180, 17, 1),
(1043, 181, 17, 2),
(1044, 182, 17, 3),
(1045, 183, 1, -1),
(1046, 184, 5, -1);

-- --------------------------------------------------------

--
-- Table structure for table `entity_living`
--

CREATE TABLE IF NOT EXISTS `entity_living` (
  `id` int(11) NOT NULL AUTO_INCREMENT,
  `name` varchar(255) COLLATE utf8_bin NOT NULL,
  `clientType` int(11) NOT NULL,
  `scriptId` int(11) NOT NULL,
  PRIMARY KEY (`id`)
) ENGINE=InnoDB  DEFAULT CHARSET=utf8 COLLATE=utf8_bin AUTO_INCREMENT=7 ;

--
-- Dumping data for table `entity_living`
--

INSERT INTO `entity_living` (`id`, `name`, `clientType`, `scriptId`) VALUES
(1, 'Chicken', 93, 36),
(2, 'Cow', 92, 37),
(3, 'Pig', 90, 38),
(4, 'Sheep', 91, 39),
(5, 'Wolf', 95, 40),
(6, 'Zombie', 54, 42);

-- --------------------------------------------------------

--
-- Table structure for table `furnace_recipe`
--

CREATE TABLE IF NOT EXISTS `furnace_recipe` (
  `itemId` int(11) NOT NULL,
  `itemData` int(11) NOT NULL,
  `resultId` int(11) NOT NULL,
  `resultData` int(11) NOT NULL,
  `resultQuantity` int(11) NOT NULL,
  `experience` float NOT NULL,
  PRIMARY KEY (`itemId`,`itemData`)
) ENGINE=InnoDB DEFAULT CHARSET=utf8 COLLATE=utf8_bin;

--
-- Dumping data for table `furnace_recipe`
--

INSERT INTO `furnace_recipe` (`itemId`, `itemData`, `resultId`, `resultData`, `resultQuantity`, `experience`) VALUES
(4, -1, 1, 0, 1, 0.1),
(12, -1, 20, 0, 1, 0.1),
(14, -1, 266, 0, 1, 1),
(15, -1, 265, 0, 1, 0.7),
(16, -1, 263, 0, 1, 0.1),
(17, -1, 263, 1, 1, 0.1),
(21, -1, 351, 4, 1, 0.2),
(56, -1, 264, 0, 1, 1),
(73, -1, 331, 0, 1, 0.7),
(81, -1, 351, 2, 1, 0.2),
(87, -1, 405, 0, 1, 0.1),
(129, -1, 388, 0, 1, 1),
(153, -1, 406, 0, 1, 0.2),
(319, -1, 320, 0, 1, 0.35),
(337, -1, 336, 0, 1, 0.3),
(349, -1, 350, 0, 1, 0.35),
(363, -1, 364, 0, 1, 0.35),
(365, -1, 366, 0, 1, 0.35),
(392, -1, 393, 0, 1, 0.35);

-- --------------------------------------------------------

--
-- Table structure for table `items`
--

CREATE TABLE IF NOT EXISTS `items` (
  `itemId` int(10) NOT NULL AUTO_INCREMENT,
  `name` text COLLATE utf8_bin NOT NULL,
  `maxStackSize` int(10) NOT NULL,
  `maxDamage` int(10) NOT NULL,
  `hasSubType` int(10) NOT NULL,
  `containerId` int(10) NOT NULL,
  `burningTime` int(11) NOT NULL,
  `scriptId` int(11) NOT NULL,
  PRIMARY KEY (`itemId`)
) ENGINE=InnoDB  DEFAULT CHARSET=utf8 COLLATE=utf8_bin AUTO_INCREMENT=2268 ;

--
-- Dumping data for table `items`
--

INSERT INTO `items` (`itemId`, `name`, `maxStackSize`, `maxDamage`, `hasSubType`, `containerId`, `burningTime`, `scriptId`) VALUES
(5, 'item.planks', 64, 0, 1, 0, 300, 3),
(17, 'item.log', 64, 0, 1, 0, 300, 3),
(18, 'item.leaves', 64, 0, 1, 0, 0, 3),
(24, 'item.sandstone', 64, 0, 1, 0, 0, 3),
(31, 'item.tallgrass', 64, 0, 1, 0, 0, 3),
(35, 'item.wool', 64, 0, 1, 0, 0, 3),
(98, 'item.stonebricksmooth', 64, 0, 1, 0, 0, 3),
(155, 'item.quartzBlock', 64, 0, 1, 0, 0, 3),
(256, 'item.shovelIron', 1, 250, 0, 0, 0, 0),
(257, 'item.pickaxeIron', 1, 250, 0, 0, 0, 0),
(258, 'item.hatchetIron', 1, 250, 0, 0, 0, 0),
(259, 'item.flintAndSteel', 1, 64, 0, 0, 0, 0),
(260, 'item.apple', 64, 0, 0, 0, 0, 0),
(261, 'item.bow', 1, 384, 0, 0, 0, 0),
(262, 'item.arrow', 64, 0, 0, 0, 0, 0),
(263, 'item.coal', 64, 0, 1, 0, 1600, 0),
(264, 'item.diamond', 64, 0, 0, 0, 0, 0),
(265, 'item.ingotIron', 64, 0, 0, 0, 0, 0),
(266, 'item.ingotGold', 64, 0, 0, 0, 0, 0),
(267, 'item.swordIron', 1, 250, 0, 0, 0, 0),
(268, 'item.swordWood', 1, 59, 0, 0, 200, 0),
(269, 'item.shovelWood', 1, 59, 0, 0, 200, 0),
(270, 'item.pickaxeWood', 1, 59, 0, 0, 200, 0),
(271, 'item.hatchetWood', 1, 59, 0, 0, 200, 0),
(272, 'item.swordStone', 1, 131, 0, 0, 0, 0),
(273, 'item.shovelStone', 1, 131, 0, 0, 0, 0),
(274, 'item.pickaxeStone', 1, 131, 0, 0, 0, 0),
(275, 'item.hatchetStone', 1, 131, 0, 0, 0, 0),
(276, 'item.swordDiamond', 1, 1561, 0, 0, 0, 0),
(277, 'item.shovelDiamond', 1, 1561, 0, 0, 0, 0),
(278, 'item.pickaxeDiamond', 1, 1561, 0, 0, 0, 0),
(279, 'item.hatchetDiamond', 1, 1561, 0, 0, 0, 0),
(280, 'item.stick', 64, 0, 0, 0, 100, 0),
(281, 'item.bowl', 64, 0, 0, 0, 0, 0),
(282, 'item.mushroomStew', 1, 0, 0, 0, 0, 0),
(283, 'item.swordGold', 1, 32, 0, 0, 0, 0),
(284, 'item.shovelGold', 1, 32, 0, 0, 0, 0),
(285, 'item.pickaxeGold', 1, 32, 0, 0, 0, 0),
(286, 'item.hatchetGold', 1, 32, 0, 0, 0, 0),
(287, 'item.string', 64, 0, 0, 0, 0, 0),
(288, 'item.feather', 64, 0, 0, 0, 0, 0),
(289, 'item.sulphur', 64, 0, 0, 0, 0, 0),
(290, 'item.hoeWood', 1, 59, 0, 0, 200, 0),
(291, 'item.hoeStone', 1, 131, 0, 0, 0, 0),
(292, 'item.hoeIron', 1, 250, 0, 0, 0, 0),
(293, 'item.hoeDiamond', 1, 1561, 0, 0, 0, 0),
(294, 'item.hoeGold', 1, 32, 0, 0, 0, 0),
(295, 'item.seeds', 64, 0, 0, 0, 0, 0),
(296, 'item.wheat', 64, 0, 0, 0, 0, 0),
(297, 'item.bread', 64, 0, 0, 0, 0, 0),
(298, 'item.helmetCloth', 1, 55, 0, 0, 0, 0),
(299, 'item.chestplateCloth', 1, 80, 0, 0, 0, 0),
(300, 'item.leggingsCloth', 1, 75, 0, 0, 0, 0),
(301, 'item.bootsCloth', 1, 65, 0, 0, 0, 0),
(302, 'item.helmetChain', 1, 165, 0, 0, 0, 0),
(303, 'item.chestplateChain', 1, 240, 0, 0, 0, 0),
(304, 'item.leggingsChain', 1, 225, 0, 0, 0, 0),
(305, 'item.bootsChain', 1, 195, 0, 0, 0, 0),
(306, 'item.helmetIron', 1, 165, 0, 0, 0, 0),
(307, 'item.chestplateIron', 1, 240, 0, 0, 0, 0),
(308, 'item.leggingsIron', 1, 225, 0, 0, 0, 0),
(309, 'item.bootsIron', 1, 195, 0, 0, 0, 0),
(310, 'item.helmetDiamond', 1, 363, 0, 0, 0, 0),
(311, 'item.chestplateDiamond', 1, 528, 0, 0, 0, 0),
(312, 'item.leggingsDiamond', 1, 495, 0, 0, 0, 0),
(313, 'item.bootsDiamond', 1, 429, 0, 0, 0, 0),
(314, 'item.helmetGold', 1, 77, 0, 0, 0, 0),
(315, 'item.chestplateGold', 1, 112, 0, 0, 0, 0),
(316, 'item.leggingsGold', 1, 105, 0, 0, 0, 0),
(317, 'item.bootsGold', 1, 91, 0, 0, 0, 0),
(318, 'item.flint', 64, 0, 0, 0, 0, 0),
(319, 'item.porkchopRaw', 64, 0, 0, 0, 0, 0),
(320, 'item.porkchopCooked', 64, 0, 0, 0, 0, 0),
(321, 'item.painting', 64, 0, 0, 0, 0, 15),
(322, 'item.appleGold', 64, 0, 1, 0, 0, 0),
(323, 'item.sign', 16, 0, 0, 0, 0, 18),
(324, 'item.doorWood', 1, 0, 0, 0, 0, 3),
(325, 'item.bucket', 16, 0, 0, 0, 0, 0),
(326, 'item.bucketWater', 1, 0, 0, 325, 0, 0),
(327, 'item.bucketLava', 1, 0, 0, 325, 20000, 0),
(328, 'item.minecart', 1, 0, 0, 0, 0, 0),
(329, 'item.saddle', 1, 0, 0, 0, 0, 0),
(330, 'item.doorIron', 1, 0, 0, 0, 0, 3),
(331, 'item.redstone', 64, 0, 0, 0, 0, 3),
(332, 'item.snowball', 16, 0, 0, 0, 0, 0),
(333, 'item.boat', 1, 0, 0, 0, 0, 0),
(334, 'item.leather', 64, 0, 0, 0, 0, 0),
(335, 'item.milk', 1, 0, 0, 325, 0, 0),
(336, 'item.brick', 64, 0, 0, 0, 0, 0),
(337, 'item.clay', 64, 0, 0, 0, 0, 0),
(338, 'item.reeds', 64, 0, 0, 0, 0, 0),
(339, 'item.paper', 64, 0, 0, 0, 0, 0),
(340, 'item.book', 64, 0, 0, 0, 0, 0),
(341, 'item.slimeball', 64, 0, 0, 0, 0, 0),
(342, 'item.minecartChest', 1, 0, 0, 0, 0, 0),
(343, 'item.minecartFurnace', 1, 0, 0, 0, 0, 0),
(344, 'item.egg', 16, 0, 0, 0, 0, 0),
(345, 'item.compass', 64, 0, 0, 0, 0, 0),
(346, 'item.fishingRod', 1, 64, 0, 0, 0, 0),
(347, 'item.clock', 64, 0, 0, 0, 0, 0),
(348, 'item.yellowDust', 64, 0, 0, 0, 0, 0),
(349, 'item.fishRaw', 64, 0, 0, 0, 0, 0),
(350, 'item.fishCooked', 64, 0, 0, 0, 0, 0),
(351, 'item.dyePowder', 64, 0, 1, 0, 0, 0),
(352, 'item.bone', 64, 0, 0, 0, 0, 0),
(353, 'item.sugar', 64, 0, 0, 0, 0, 0),
(354, 'item.cake', 1, 0, 0, 0, 0, 0),
(355, 'item.bed', 1, 0, 0, 0, 0, 0),
(356, 'item.diode', 64, 0, 0, 0, 0, 0),
(357, 'item.cookie', 64, 0, 0, 0, 0, 0),
(358, 'item.map', 64, 0, 1, 0, 0, 0),
(359, 'item.shears', 1, 238, 0, 0, 0, 0),
(360, 'item.melon', 64, 0, 0, 0, 0, 0),
(361, 'item.seeds_pumpkin', 64, 0, 0, 0, 0, 0),
(362, 'item.seeds_melon', 64, 0, 0, 0, 0, 0),
(363, 'item.beefRaw', 64, 0, 0, 0, 0, 0),
(364, 'item.beefCooked', 64, 0, 0, 0, 0, 0),
(365, 'item.chickenRaw', 64, 0, 0, 0, 0, 0),
(366, 'item.chickenCooked', 64, 0, 0, 0, 0, 0),
(367, 'item.rottenFlesh', 64, 0, 0, 0, 0, 0),
(368, 'item.enderPearl', 16, 0, 0, 0, 0, 0),
(369, 'item.blazeRod', 64, 0, 0, 0, 2400, 0),
(370, 'item.ghastTear', 64, 0, 0, 0, 0, 0),
(371, 'item.goldNugget', 64, 0, 0, 0, 0, 0),
(372, 'item.netherStalkSeeds', 64, 0, 0, 0, 0, 0),
(373, 'item.potion', 1, 0, 1, 0, 0, 0),
(374, 'item.glassBottle', 64, 0, 0, 0, 0, 0),
(375, 'item.spiderEye', 64, 0, 0, 0, 0, 0),
(376, 'item.fermentedSpiderEye', 64, 0, 0, 0, 0, 0),
(377, 'item.blazePowder', 64, 0, 0, 0, 0, 0),
(378, 'item.magmaCream', 64, 0, 0, 0, 0, 0),
(379, 'item.brewingStand', 64, 0, 0, 0, 0, 0),
(380, 'item.cauldron', 64, 0, 0, 0, 0, 0),
(381, 'item.eyeOfEnder', 64, 0, 0, 0, 0, 0),
(382, 'item.speckledMelon', 64, 0, 0, 0, 0, 0),
(383, 'item.monsterPlacer', 64, 0, 1, 0, 0, 0),
(384, 'item.expBottle', 64, 0, 0, 0, 0, 0),
(385, 'item.fireball', 64, 0, 0, 0, 0, 0),
(386, 'item.writingBook', 1, 0, 0, 0, 0, 0),
(387, 'item.writtenBook', 1, 0, 0, 0, 0, 0),
(388, 'item.emerald', 64, 0, 0, 0, 0, 0),
(389, 'item.frame', 64, 0, 0, 0, 0, 14),
(390, 'item.flowerPot', 64, 0, 0, 0, 0, 0),
(391, 'item.carrots', 64, 0, 0, 0, 0, 0),
(392, 'item.potato', 64, 0, 0, 0, 0, 0),
(393, 'item.potatoBaked', 64, 0, 0, 0, 0, 0),
(394, 'item.potatoPoisonous', 64, 0, 0, 0, 0, 0),
(395, 'item.emptyMap', 64, 0, 0, 0, 0, 0),
(396, 'item.carrotGolden', 64, 0, 0, 0, 0, 0),
(397, 'item.skull', 64, 0, 1, 0, 0, 0),
(398, 'item.carrotOnAStick', 1, 25, 0, 0, 0, 0),
(399, 'item.netherStar', 64, 0, 0, 0, 0, 0),
(400, 'item.pumpkinPie', 64, 0, 0, 0, 0, 0),
(401, 'item.fireworks', 64, 0, 0, 0, 0, 0),
(402, 'item.fireworksCharge', 64, 0, 0, 0, 0, 0),
(403, 'item.enchantedBook', 1, 0, 0, 0, 0, 0),
(404, 'item.comparator', 64, 0, 0, 0, 0, 0),
(405, 'item.netherbrick', 64, 0, 0, 0, 0, 0),
(406, 'item.netherquartz', 64, 0, 0, 0, 0, 0),
(407, 'item.minecartTnt', 1, 0, 0, 0, 0, 0),
(408, 'item.minecartHopper', 1, 0, 0, 0, 0, 0),
(2256, 'item.record', 1, 0, 0, 0, 0, 0),
(2257, 'item.record', 1, 0, 0, 0, 0, 0),
(2258, 'item.record', 1, 0, 0, 0, 0, 0),
(2259, 'item.record', 1, 0, 0, 0, 0, 0),
(2260, 'item.record', 1, 0, 0, 0, 0, 0),
(2261, 'item.record', 1, 0, 0, 0, 0, 0),
(2262, 'item.record', 1, 0, 0, 0, 0, 0),
(2263, 'item.record', 1, 0, 0, 0, 0, 0),
(2264, 'item.record', 1, 0, 0, 0, 0, 0),
(2265, 'item.record', 1, 0, 0, 0, 0, 0),
(2266, 'item.record', 1, 0, 0, 0, 0, 0),
(2267, 'item.record', 1, 0, 0, 0, 0, 0);

-- --------------------------------------------------------

--
-- Table structure for table `material`
--

CREATE TABLE IF NOT EXISTS `material` (
  `materialId` int(11) NOT NULL,
  `name` varchar(64) COLLATE utf8_bin NOT NULL,
  `canBurn` tinyint(1) NOT NULL,
  `replacable` tinyint(1) NOT NULL,
  `translucent` tinyint(1) NOT NULL,
  `requiresNoTool` tinyint(1) NOT NULL,
  `mobilityFlag` int(10) NOT NULL,
  `solid` tinyint(1) NOT NULL DEFAULT '1',
  `liquid` tinyint(1) NOT NULL DEFAULT '0'
) ENGINE=InnoDB DEFAULT CHARSET=utf8 COLLATE=utf8_bin;

--
-- Dumping data for table `material`
--

INSERT INTO `material` (`materialId`, `name`, `canBurn`, `replacable`, `translucent`, `requiresNoTool`, `mobilityFlag`, `solid`, `liquid`) VALUES
(1, 'UNKNOW', 0, 0, 0, 1, 0, 1, 0),
(1, 'UNKNOW', 0, 0, 0, 1, 0, 1, 0),
(2, 'UNKNOW', 0, 0, 0, 0, 0, 1, 0),
(3, 'UNKNOW', 0, 0, 0, 0, 0, 1, 0),
(4, 'UNKNOW', 1, 0, 0, 0, 0, 1, 0),
(5, 'UNKNOW', 0, 0, 1, 0, 1, 1, 0),
(6, 'UNKNOW', 0, 1, 1, 0, 1, 1, 0),
(7, 'UNKNOW', 0, 1, 1, 0, 1, 1, 0),
(8, 'UNKNOW', 0, 0, 0, 0, 0, 1, 0),
(9, 'UNKNOW', 1, 0, 1, 0, 1, 1, 0),
(10, 'UNKNOW', 0, 0, 0, 0, 0, 1, 0),
(11, 'UNKNOW', 0, 0, 1, 0, 0, 1, 0),
(12, 'UNKNOW', 1, 0, 0, 0, 0, 1, 0),
(13, 'UNKNOW', 0, 0, 1, 0, 1, 1, 0),
(14, 'UNKNOW', 0, 0, 0, 0, 2, 1, 0),
(15, 'UNKNOW', 0, 0, 1, 1, 1, 1, 0),
(16, 'UNKNOW', 1, 1, 1, 0, 1, 1, 0),
(17, 'UNKNOW', 0, 0, 0, 1, 0, 1, 0),
(18, 'UNKNOW', 1, 0, 1, 0, 0, 1, 0),
(19, 'UNKNOW', 0, 1, 1, 0, 1, 1, 0),
(20, 'UNKNOW', 0, 1, 1, 1, 1, 1, 0),
(21, 'UNKNOW', 0, 0, 1, 0, 0, 1, 0),
(22, 'UNKNOW', 0, 0, 0, 1, 0, 1, 0),
(23, 'UNKNOW', 0, 0, 1, 0, 1, 1, 0),
(24, 'UNKNOW', 0, 0, 0, 0, 0, 1, 0),
(25, 'UNKNOW', 0, 0, 0, 0, 1, 1, 0),
(26, 'UNKNOW', 0, 0, 1, 0, 2, 1, 0),
(27, 'UNKNOW', 0, 0, 0, 0, 1, 1, 0),
(28, 'UNKNOW', 0, 0, 0, 0, 1, 1, 0),
(29, 'UNKNOW', 0, 0, 0, 0, 0, 1, 0),
(30, 'UNKNOW', 0, 0, 0, 1, 2, 1, 0),
(1, 'UNKNOW', 0, 0, 0, 1, 0, 1, 0),
(2, 'UNKNOW', 0, 0, 0, 0, 0, 1, 0),
(3, 'UNKNOW', 0, 0, 0, 0, 0, 1, 0),
(4, 'UNKNOW', 1, 0, 0, 0, 0, 1, 0),
(5, 'UNKNOW', 0, 0, 1, 0, 1, 1, 0),
(6, 'UNKNOW', 0, 1, 1, 0, 1, 1, 0),
(7, 'UNKNOW', 0, 1, 1, 0, 1, 1, 0),
(8, 'UNKNOW', 0, 0, 0, 0, 0, 1, 0),
(9, 'UNKNOW', 1, 0, 1, 0, 1, 1, 0),
(10, 'UNKNOW', 0, 0, 0, 0, 0, 1, 0),
(11, 'UNKNOW', 0, 0, 1, 0, 0, 1, 0),
(12, 'UNKNOW', 1, 0, 0, 0, 0, 1, 0),
(13, 'UNKNOW', 0, 0, 1, 0, 1, 1, 0),
(14, 'UNKNOW', 0, 0, 0, 0, 2, 1, 0),
(15, 'UNKNOW', 0, 0, 1, 1, 1, 1, 0),
(16, 'UNKNOW', 1, 1, 1, 0, 1, 1, 0),
(17, 'UNKNOW', 0, 0, 0, 1, 0, 1, 0),
(18, 'UNKNOW', 1, 0, 1, 0, 0, 1, 0),
(19, 'UNKNOW', 0, 1, 1, 0, 1, 1, 0),
(20, 'UNKNOW', 0, 1, 1, 1, 1, 1, 0),
(21, 'UNKNOW', 0, 0, 1, 0, 0, 1, 0),
(22, 'UNKNOW', 0, 0, 0, 1, 0, 1, 0),
(23, 'UNKNOW', 0, 0, 1, 0, 1, 1, 0),
(24, 'UNKNOW', 0, 0, 0, 0, 0, 1, 0),
(25, 'UNKNOW', 0, 0, 0, 0, 1, 1, 0),
(26, 'UNKNOW', 0, 0, 1, 0, 2, 1, 0),
(27, 'UNKNOW', 0, 0, 0, 0, 1, 1, 0),
(28, 'UNKNOW', 0, 0, 0, 0, 1, 1, 0),
(29, 'UNKNOW', 0, 0, 0, 0, 0, 1, 0),
(30, 'UNKNOW', 0, 0, 0, 1, 2, 1, 0),
(1, 'UNKNOW', 0, 0, 0, 1, 0, 1, 0),
(2, 'UNKNOW', 0, 0, 0, 0, 0, 1, 0),
(3, 'UNKNOW', 0, 0, 0, 0, 0, 1, 0),
(4, 'UNKNOW', 1, 0, 0, 0, 0, 1, 0),
(5, 'UNKNOW', 0, 0, 1, 0, 1, 1, 0),
(6, 'UNKNOW', 0, 1, 1, 0, 1, 1, 0),
(7, 'UNKNOW', 0, 1, 1, 0, 1, 1, 0),
(8, 'UNKNOW', 0, 0, 0, 0, 0, 1, 0),
(9, 'UNKNOW', 1, 0, 1, 0, 1, 1, 0),
(10, 'UNKNOW', 0, 0, 0, 0, 0, 1, 0),
(11, 'UNKNOW', 0, 0, 1, 0, 0, 1, 0),
(12, 'UNKNOW', 1, 0, 0, 0, 0, 1, 0),
(13, 'UNKNOW', 0, 0, 1, 0, 1, 1, 0),
(14, 'UNKNOW', 0, 0, 0, 0, 2, 1, 0),
(15, 'UNKNOW', 0, 0, 1, 1, 1, 1, 0),
(16, 'UNKNOW', 1, 1, 1, 0, 1, 1, 0),
(17, 'UNKNOW', 0, 0, 0, 1, 0, 1, 0),
(18, 'UNKNOW', 1, 0, 1, 0, 0, 1, 0),
(19, 'UNKNOW', 0, 1, 1, 0, 1, 1, 0),
(20, 'UNKNOW', 0, 1, 1, 1, 1, 1, 0),
(21, 'UNKNOW', 0, 0, 1, 0, 0, 1, 0),
(22, 'UNKNOW', 0, 0, 0, 1, 0, 1, 0),
(23, 'UNKNOW', 0, 0, 1, 0, 1, 1, 0),
(24, 'UNKNOW', 0, 0, 0, 0, 0, 1, 0),
(25, 'UNKNOW', 0, 0, 0, 0, 1, 1, 0),
(26, 'UNKNOW', 0, 0, 1, 0, 2, 1, 0),
(27, 'UNKNOW', 0, 0, 0, 0, 1, 1, 0),
(28, 'UNKNOW', 0, 0, 0, 0, 1, 1, 0),
(29, 'UNKNOW', 0, 0, 0, 0, 0, 1, 0),
(30, 'UNKNOW', 0, 0, 0, 1, 2, 1, 0),
(1, 'UNKNOW', 0, 0, 0, 1, 0, 1, 0),
(2, 'UNKNOW', 0, 0, 0, 0, 0, 1, 0),
(3, 'UNKNOW', 0, 0, 0, 0, 0, 1, 0),
(4, 'UNKNOW', 1, 0, 0, 0, 0, 1, 0),
(5, 'UNKNOW', 0, 0, 1, 0, 1, 0, 0),
(6, 'UNKNOW', 0, 1, 1, 0, 1, 0, 1),
(7, 'UNKNOW', 0, 1, 1, 0, 1, 0, 1),
(8, 'UNKNOW', 0, 0, 0, 0, 0, 1, 0),
(9, 'UNKNOW', 1, 0, 1, 0, 1, 1, 0),
(10, 'UNKNOW', 0, 0, 0, 0, 0, 1, 0),
(11, 'UNKNOW', 0, 0, 1, 0, 0, 1, 0),
(12, 'UNKNOW', 1, 0, 0, 0, 0, 1, 0),
(13, 'UNKNOW', 0, 0, 1, 0, 1, 0, 0),
(14, 'UNKNOW', 0, 0, 0, 0, 2, 1, 0),
(15, 'UNKNOW', 0, 0, 1, 1, 1, 1, 0),
(16, 'UNKNOW', 1, 1, 1, 0, 1, 0, 0),
(17, 'UNKNOW', 0, 0, 0, 1, 0, 1, 0),
(18, 'UNKNOW', 1, 0, 1, 0, 0, 1, 0),
(19, 'UNKNOW', 0, 1, 1, 0, 1, 0, 0),
(20, 'UNKNOW', 0, 1, 1, 1, 1, 0, 0),
(21, 'UNKNOW', 0, 0, 1, 0, 0, 1, 0),
(22, 'UNKNOW', 0, 0, 0, 1, 0, 1, 0),
(23, 'UNKNOW', 0, 0, 1, 0, 1, 1, 0),
(24, 'UNKNOW', 0, 0, 0, 0, 0, 1, 0),
(25, 'UNKNOW', 0, 0, 0, 0, 1, 1, 0),
(26, 'UNKNOW', 0, 0, 1, 0, 2, 0, 0),
(27, 'UNKNOW', 0, 0, 0, 0, 1, 1, 0),
(28, 'UNKNOW', 0, 0, 0, 0, 1, 1, 0),
(29, 'UNKNOW', 0, 0, 0, 0, 0, 1, 0),
(30, 'UNKNOW', 0, 0, 0, 1, 2, 1, 0),
(1, 'UNKNOW', 0, 0, 0, 1, 0, 1, 0),
(2, 'UNKNOW', 0, 0, 0, 0, 0, 1, 0),
(3, 'UNKNOW', 0, 0, 0, 0, 0, 1, 0),
(4, 'UNKNOW', 1, 0, 0, 0, 0, 1, 0),
(5, 'UNKNOW', 0, 0, 1, 0, 1, 0, 0),
(6, 'UNKNOW', 0, 1, 1, 0, 1, 0, 1),
(7, 'UNKNOW', 0, 1, 1, 0, 1, 0, 1),
(8, 'UNKNOW', 0, 0, 0, 0, 0, 1, 0),
(9, 'UNKNOW', 1, 0, 1, 0, 1, 1, 0),
(10, 'UNKNOW', 0, 0, 0, 0, 0, 1, 0),
(11, 'UNKNOW', 0, 0, 1, 0, 0, 1, 0),
(12, 'UNKNOW', 1, 0, 0, 0, 0, 1, 0),
(13, 'UNKNOW', 0, 0, 1, 0, 1, 0, 0),
(14, 'UNKNOW', 0, 0, 0, 0, 2, 1, 0),
(15, 'UNKNOW', 0, 0, 1, 1, 1, 1, 0),
(16, 'UNKNOW', 1, 1, 1, 0, 1, 0, 0),
(17, 'UNKNOW', 0, 0, 0, 1, 0, 1, 0),
(18, 'UNKNOW', 1, 0, 1, 0, 0, 1, 0),
(19, 'UNKNOW', 0, 1, 1, 0, 1, 0, 0),
(20, 'UNKNOW', 0, 1, 1, 1, 1, 0, 0),
(21, 'UNKNOW', 0, 0, 1, 0, 0, 1, 0),
(22, 'UNKNOW', 0, 0, 0, 1, 0, 1, 0),
(23, 'UNKNOW', 0, 0, 1, 0, 1, 1, 0),
(24, 'UNKNOW', 0, 0, 0, 0, 0, 1, 0),
(25, 'UNKNOW', 0, 0, 0, 0, 1, 1, 0),
(26, 'UNKNOW', 0, 0, 1, 0, 2, 0, 0),
(27, 'UNKNOW', 0, 0, 0, 0, 1, 1, 0),
(28, 'UNKNOW', 0, 0, 0, 0, 1, 1, 0),
(29, 'UNKNOW', 0, 0, 0, 0, 0, 1, 0),
(30, 'UNKNOW', 0, 0, 0, 1, 2, 1, 0);

-- --------------------------------------------------------

--
-- Table structure for table `message`
--

CREATE TABLE IF NOT EXISTS `message` (
  `id` int(11) NOT NULL AUTO_INCREMENT,
  `langId` int(11) NOT NULL,
  `key` varchar(64) COLLATE utf8_bin NOT NULL,
  `text` varchar(255) COLLATE utf8_bin NOT NULL,
  PRIMARY KEY (`id`)
) ENGINE=InnoDB  DEFAULT CHARSET=utf8 COLLATE=utf8_bin AUTO_INCREMENT=7 ;

--
-- Dumping data for table `message`
--

INSERT INTO `message` (`id`, `langId`, `key`, `text`) VALUES
(1, 0, 'network.kick.badprotocol', 'Bad protocol version, use 1.5.2'),
(2, 0, 'network.kick.serverisfull', 'Server is full'),
(3, 0, 'network.kick.isban', 'Banned !'),
(4, 0, 'network.kick.notinwhitelist', 'Not in server whitelist'),
(5, 1, 'network.kick.badprotocol', 'Mauvaise version de Minecraft, utiliser la 1.5.2'),
(6, 1, 'network.kick.isban', 'Banni !');

-- --------------------------------------------------------

--
-- Table structure for table `painting`
--

CREATE TABLE IF NOT EXISTS `painting` (
  `name` varchar(13) COLLATE utf8_bin NOT NULL,
  `sizeX` int(11) NOT NULL,
  `sizeY` int(11) NOT NULL,
  `itemId` int(11) NOT NULL,
  `itemData` int(11) NOT NULL,
  PRIMARY KEY (`name`)
) ENGINE=InnoDB DEFAULT CHARSET=utf8 COLLATE=utf8_bin;

--
-- Dumping data for table `painting`
--

INSERT INTO `painting` (`name`, `sizeX`, `sizeY`, `itemId`, `itemData`) VALUES
('Alban', 16, 16, 321, 0),
('Aztec', 16, 16, 321, 0),
('Aztec2', 16, 16, 321, 0),
('Bomb', 16, 16, 321, 0),
('BurningSkull', 64, 64, 321, 0),
('Bust', 32, 32, 321, 0),
('Courbet', 32, 16, 321, 0),
('Creebet', 32, 16, 321, 0),
('DonkeyKong', 64, 48, 321, 0),
('Fighters', 64, 32, 321, 0),
('Graham', 16, 32, 321, 0),
('Kebab', 16, 16, 321, 0),
('Match', 32, 32, 321, 0),
('Pigscene', 64, 64, 321, 0),
('Plant', 16, 16, 321, 0),
('Pointer', 64, 64, 321, 0),
('Pool', 32, 16, 321, 0),
('Sea', 32, 16, 321, 0),
('Skeleton', 64, 48, 321, 0),
('SkullAndRoses', 32, 32, 321, 0),
('Stage', 32, 32, 321, 0),
('Sunset', 32, 16, 321, 0),
('Void', 32, 32, 321, 0),
('Wanderer', 16, 32, 321, 0),
('Wasteland', 16, 16, 321, 0),
('Wither', 32, 32, 321, 0);

-- --------------------------------------------------------

--
-- Table structure for table `script`
--

CREATE TABLE IF NOT EXISTS `script` (
  `id` int(11) NOT NULL AUTO_INCREMENT,
  `scriptName` varchar(128) COLLATE utf8_bin NOT NULL,
  `paramCount` int(11) NOT NULL,
  PRIMARY KEY (`id`),
  UNIQUE KEY `scriptName` (`scriptName`)
) ENGINE=InnoDB  DEFAULT CHARSET=utf8 COLLATE=utf8_bin AUTO_INCREMENT=43 ;

--
-- Dumping data for table `script`
--

INSERT INTO `script` (`id`, `scriptName`, `paramCount`) VALUES
(2, 'block_stair', 0),
(3, 'item_block', 2),
(4, 'block_wood', 0),
(5, 'block_lever', 0),
(7, 'block_torch', 0),
(8, 'block_door', 2),
(9, 'block_jackolantern', 0),
(10, 'block_note', 0),
(11, 'block_jukebox', 0),
(12, 'block_button', 0),
(13, 'block_falling', 2),
(14, 'item_frame', 0),
(15, 'item_painting', 0),
(16, 'block_quartz', 0),
(17, 'block_grass', 0),
(18, 'item_sign', 2),
(19, 'block_signwall', 0),
(20, 'block_signground', 0),
(21, 'block_redstonewire', 3),
(22, 'block_redstonepowered', 0),
(23, 'block_redstonetorchactive', 1),
(24, 'block_redstonetorchidle', 0),
(25, 'block_furnace', 3),
(26, 'window_furnace', 0),
(27, 'block_chest', 2),
(29, 'window_chest', 0),
(30, 'window_largechest', 0),
(31, 'window_craftingtable', 0),
(32, 'block_craftingtable', 0),
(33, 'window_enderchest', 0),
(34, 'block_enderchest', 1),
(35, 'entityliving_animal', 0),
(36, 'entityliving_chicken', 0),
(37, 'entityliving_cow', 0),
(38, 'entityliving_pig', 0),
(39, 'entityliving_sheep', 0),
(40, 'entityliving_wolf', 0),
(41, 'entityliving_mob', 0),
(42, 'entityliving_zombie', 0);

-- --------------------------------------------------------

--
-- Table structure for table `script_data`
--

CREATE TABLE IF NOT EXISTS `script_data` (
  `scriptId` int(11) NOT NULL,
  `stuffId` int(11) NOT NULL,
  `param` int(11) NOT NULL,
  `valueint` int(11) NOT NULL,
  `valuefloat` float NOT NULL,
  `valuestr` varchar(128) COLLATE utf8_bin NOT NULL,
  UNIQUE KEY `scriptId` (`scriptId`,`stuffId`,`param`)
) ENGINE=InnoDB DEFAULT CHARSET=utf8 COLLATE=utf8_bin;

--
-- Dumping data for table `script_data`
--

INSERT INTO `script_data` (`scriptId`, `stuffId`, `param`, `valueint`, `valuefloat`, `valuestr`) VALUES
(3, 5, 1, 5, 0, ''),
(3, 5, 2, 1, 0, ''),
(3, 17, 1, 17, 0, ''),
(3, 17, 2, 1, 0, ''),
(3, 18, 1, 18, 0, ''),
(3, 18, 2, 1, 0, ''),
(3, 24, 1, 24, 0, ''),
(3, 24, 2, 1, 0, ''),
(3, 31, 1, 31, 0, ''),
(3, 31, 2, 1, 0, ''),
(3, 35, 1, 35, 0, ''),
(3, 35, 2, 1, 0, ''),
(3, 98, 1, 98, 0, ''),
(3, 98, 2, 1, 0, ''),
(3, 155, 1, 155, 0, ''),
(3, 155, 2, 1, 0, ''),
(3, 324, 1, 64, 0, ''),
(3, 324, 2, 0, 0, ''),
(3, 330, 1, 71, 0, ''),
(3, 330, 2, 0, 0, ''),
(3, 331, 1, 55, 0, ''),
(3, 331, 2, 0, 0, ''),
(8, 64, 1, 64, 0, ''),
(8, 64, 2, 0, 0, ''),
(8, 71, 1, 71, 0, ''),
(8, 71, 2, 1, 0, ''),
(13, 12, 1, 0, 0, '51'),
(13, 12, 2, 0, 0, '8;10'),
(13, 13, 1, 0, 0, '51'),
(13, 13, 2, 0, 0, '8,10'),
(17, 2, 1, 3, 0, ''),
(17, 2, 2, 2, 0, ''),
(17, 110, 1, 3, 0, ''),
(17, 110, 2, 110, 0, ''),
(18, 323, 1, 63, 0, ''),
(18, 323, 2, 68, 0, ''),
(21, 55, 1, 55, 0, ''),
(21, 55, 2, 94, 0, ''),
(21, 55, 3, 93, 0, ''),
(23, 76, 1, 75, 0, ''),
(24, 75, 1, 76, 0, ''),
(25, 61, 1, 2, 0, ''),
(25, 61, 2, 61, 0, ''),
(25, 61, 3, 62, 0, ''),
(25, 62, 1, 2, 0, ''),
(25, 62, 2, 61, 0, ''),
(25, 62, 3, 62, 0, ''),
(27, 54, 1, 3, 0, ''),
(27, 54, 2, 4, 0, ''),
(27, 146, 1, 3, 0, ''),
(27, 146, 2, 4, 0, ''),
(32, 58, 1, 1, 0, ''),
(34, 130, 1, 5, 0, '');

-- --------------------------------------------------------

--
-- Table structure for table `script_info`
--

CREATE TABLE IF NOT EXISTS `script_info` (
  `scriptId` int(11) NOT NULL,
  `name` varchar(128) COLLATE utf8_bin NOT NULL DEFAULT 'unk',
  `paramId` int(11) NOT NULL,
  `type` int(4) NOT NULL DEFAULT '0',
  UNIQUE KEY `scriptId` (`scriptId`,`paramId`)
) ENGINE=InnoDB DEFAULT CHARSET=utf8 COLLATE=utf8_bin;

--
-- Dumping data for table `script_info`
--

INSERT INTO `script_info` (`scriptId`, `name`, `paramId`, `type`) VALUES
(3, 'blockid', 1, 1),
(3, 'UseMetadata', 2, 1),
(8, 'door_blockId', 1, 1),
(8, 'needRedstone', 2, 1),
(13, 'traversableBlockList', 1, 0),
(13, 'traversableMaterialList', 2, 0),
(17, 'blockDirtId', 1, 1),
(17, 'blockGrassId', 2, 1),
(18, 'groundBlockId', 1, 1),
(18, 'wallBlockId', 2, 1),
(21, 'redstoneWireBlockId', 1, 1),
(21, 'redstoneRepeaterActiveBlockId', 2, 1),
(21, 'redstoneRepeaterIdleBlockId', 3, 1),
(23, 'redstoneTorchIdleBlockId', 1, 1),
(24, 'redstoneTorchActiveBlockId', 1, 1),
(25, 'windowId', 1, 1),
(25, 'idleFurnaceBlock', 2, 1),
(25, 'burningFurnaceBlock', 3, 1),
(27, 'windowChestDataId', 1, 1),
(27, 'windowDoubleChestDataId', 2, 1),
(32, 'windowId', 1, 1),
(34, 'windowEnderChestChestDataId', 1, 1);

-- --------------------------------------------------------

--
-- Table structure for table `windows`
--

CREATE TABLE IF NOT EXISTS `windows` (
  `id` int(11) NOT NULL AUTO_INCREMENT,
  `name` varchar(255) COLLATE utf8_bin NOT NULL,
  `maxSlot` int(11) NOT NULL,
  `networkMaxSlot` int(11) NOT NULL,
  `script` int(11) NOT NULL,
  `clientWindowId` int(11) NOT NULL,
  PRIMARY KEY (`id`)
) ENGINE=InnoDB  DEFAULT CHARSET=utf8 COLLATE=utf8_bin AUTO_INCREMENT=6 ;

--
-- Dumping data for table `windows`
--

INSERT INTO `windows` (`id`, `name`, `maxSlot`, `networkMaxSlot`, `script`, `clientWindowId`) VALUES
(0, 'Inventory', 45, 0, 0, 0),
(1, 'Crafting', 46, 10, 31, 1),
(2, 'Furnace', 39, 3, 26, 2),
(3, 'Chest', 63, 27, 29, 0),
(4, 'Large Chest', 90, 54, 30, 0),
(5, 'EnderChest', 63, 27, 33, 0);

--
-- Constraints for dumped tables
--

--
-- Constraints for table `block`
--
ALTER TABLE `block`
  ADD CONSTRAINT `block_ibfk_1` FOREIGN KEY (`soundId`) REFERENCES `blocksound` (`soundId`);

--
-- Constraints for table `craft_slot`
--
ALTER TABLE `craft_slot`
  ADD CONSTRAINT `fk_craft` FOREIGN KEY (`craftId`) REFERENCES `craft` (`id`);

/*!40101 SET CHARACTER_SET_CLIENT=@OLD_CHARACTER_SET_CLIENT */;
/*!40101 SET CHARACTER_SET_RESULTS=@OLD_CHARACTER_SET_RESULTS */;
/*!40101 SET COLLATION_CONNECTION=@OLD_COLLATION_CONNECTION */;
