SET FOREIGN_KEY_CHECKS=0;
SET SQL_MODE="NO_AUTO_VALUE_ON_ZERO";
SET time_zone = "+00:00";

CREATE TABLE IF NOT EXISTS `block` (
  `blockId` int(10) NOT NULL AUTO_INCREMENT,
  `name` text COLLATE utf8_bin NOT NULL,
  `lightOpacity` int(11) NOT NULL,
  `lightValue` int(11) NOT NULL,
  `blockResistance` float NOT NULL,
  `blockHardness` float NOT NULL,
  `needsRandomTick` tinyint(1) NOT NULL,
  `slipperiness` float NOT NULL,
  `isCollidable` tinyint(1) NOT NULL,
  `isOpaqueCube` tinyint(1) NOT NULL,
  `renderAsNormal` tinyint(1) NOT NULL,
  `minX` float NOT NULL,
  `minY` float NOT NULL,
  `minZ` float NOT NULL,
  `maxX` float NOT NULL,
  `maxY` float NOT NULL,
  `maxZ` float NOT NULL,
  `material` int(11) NOT NULL,
  `scriptId` int(11) NOT NULL,
  `soundId` int(11) NOT NULL,
  `useNeighborBrightness` tinyint(1) NOT NULL DEFAULT '0',
  PRIMARY KEY (`blockId`),
  KEY `fk_soundId` (`soundId`)
) ENGINE=InnoDB  DEFAULT CHARSET=utf8 COLLATE=utf8_bin AUTO_INCREMENT=159 ;

INSERT INTO `block` (`blockId`, `name`, `lightOpacity`, `lightValue`, `blockResistance`, `blockHardness`, `needsRandomTick`, `slipperiness`, `isCollidable`, `isOpaqueCube`, `renderAsNormal`, `minX`, `minY`, `minZ`, `maxX`, `maxY`, `maxZ`, `material`, `scriptId`, `soundId`, `useNeighborBrightness`) VALUES
(1, 'tile.stone', 255, 0, 30, 1.5, 0, 0.6, 1, 1, 1, 0, 0, 0, 1, 1, 1, 1, 0, 1, 0),
(2, 'tile.grass', 255, 0, 3, 0.6, 1, 0.6, 1, 1, 1, 0, 0, 0, 1, 1, 1, 2, 17, 2, 0),
(3, 'tile.dirt', 255, 0, 2.5, 0.5, 0, 0.6, 1, 1, 1, 0, 0, 0, 1, 1, 1, 3, 0, 3, 0),
(4, 'tile.stonebrick', 255, 0, 30, 2, 0, 0.6, 1, 1, 1, 0, 0, 0, 1, 1, 1, 1, 0, 1, 0),
(5, 'tile.wood', 255, 0, 15, 2, 0, 0.6, 1, 1, 1, 0, 0, 0, 1, 1, 1, 4, 0, 4, 0),
(6, 'tile.sapling', 0, 0, 0, 0, 1, 0.6, 1, 0, 0, 0.1, 0, 0.1, 0.9, 0.8, 0.9, 5, 0, 2, 1),
(7, 'tile.bedrock', 255, 0, 18000000, -1, 0, 0.6, 1, 1, 1, 0, 0, 0, 1, 1, 1, 1, 0, 1, 0),
(8, 'tile.water', 3, 0, 500, 100, 1, 0.6, 1, 0, 0, 0, 0, 0, 1, 1, 1, 6, 0, 5, 0),
(9, 'tile.water', 3, 0, 500, 100, 0, 0.6, 1, 0, 0, 0, 0, 0, 1, 1, 1, 6, 0, 5, 0),
(10, 'tile.lava', 0, 15, 0, 0, 1, 0.6, 1, 0, 0, 0, 0, 0, 1, 1, 1, 7, 0, 5, 1),
(11, 'tile.lava', 0, 15, 500, 100, 1, 0.6, 1, 0, 0, 0, 0, 0, 1, 1, 1, 7, 0, 5, 1),
(12, 'tile.sand', 255, 0, 2.5, 0.5, 0, 0.6, 1, 1, 1, 0, 0, 0, 1, 1, 1, 8, 13, 6, 0),
(13, 'tile.gravel', 255, 0, 3, 0.6, 0, 0.6, 1, 1, 1, 0, 0, 0, 1, 1, 1, 8, 13, 3, 0),
(14, 'tile.oreGold', 255, 0, 15, 3, 0, 0.6, 1, 1, 1, 0, 0, 0, 1, 1, 1, 1, 0, 1, 0),
(15, 'tile.oreIron', 255, 0, 15, 3, 0, 0.6, 1, 1, 1, 0, 0, 0, 1, 1, 1, 1, 0, 1, 0),
(16, 'tile.oreCoal', 255, 0, 15, 3, 0, 0.6, 1, 1, 1, 0, 0, 0, 1, 1, 1, 1, 0, 1, 0),
(17, 'tile.log', 255, 0, 10, 2, 0, 0.6, 1, 1, 1, 0, 0, 0, 1, 1, 1, 4, 4, 4, 0),
(18, 'tile.leaves', 1, 0, 1, 0.2, 1, 0.6, 1, 1, 1, 0, 0, 0, 1, 1, 1, 9, 0, 2, 0),
(19, 'tile.sponge', 255, 0, 3, 0.6, 0, 0.6, 1, 1, 1, 0, 0, 0, 1, 1, 1, 10, 0, 2, 0),
(20, 'tile.glass', 0, 0, 1.5, 0.3, 0, 0.6, 1, 0, 0, 0, 0, 0, 1, 1, 1, 11, 0, 7, 1),
(21, 'tile.oreLapis', 255, 0, 15, 3, 0, 0.6, 1, 1, 1, 0, 0, 0, 1, 1, 1, 1, 0, 1, 0),
(22, 'tile.blockLapis', 255, 0, 15, 3, 0, 0.6, 1, 1, 1, 0, 0, 0, 1, 1, 1, 1, 0, 1, 0),
(23, 'tile.dispenser', 255, 0, 17.5, 3.5, 0, 0.6, 1, 1, 1, 0, 0, 0, 1, 1, 1, 1, 0, 1, 0),
(24, 'tile.sandStone', 255, 0, 4, 0.8, 0, 0.6, 1, 1, 1, 0, 0, 0, 1, 1, 1, 1, 0, 1, 0),
(25, 'tile.musicBlock', 255, 0, 4, 0.8, 0, 0.6, 1, 1, 1, 0, 0, 0, 1, 1, 1, 4, 10, 5, 0),
(26, 'tile.bed', 0, 0, 1, 0.2, 0, 0.6, 1, 0, 0, 0, 0, 0, 1, 0.5625, 1, 12, 0, 5, 1),
(27, 'tile.goldenRail', 0, 0, 3.5, 0.7, 0, 0.6, 1, 0, 0, 0, 0, 0, 1, 0.125, 1, 13, 0, 8, 1),
(28, 'tile.detectorRail', 0, 0, 3.5, 0.7, 1, 0.6, 1, 0, 0, 0, 0, 0, 1, 0.125, 1, 13, 0, 8, 1),
(29, 'tile.pistonStickyBase', 0, 0, 2.5, 0.5, 0, 0.6, 1, 0, 0, 0, 0, 0, 1, 1, 1, 14, 0, 1, 1),
(30, 'tile.web', 1, 0, 20, 4, 0, 0.6, 1, 0, 0, 0, 0, 0, 1, 1, 1, 15, 0, 5, 0),
(31, 'tile.tallgrass', 0, 0, 0, 0, 1, 0.6, 1, 0, 0, 0.1, 0, 0.1, 0.9, 0.8, 0.9, 16, 0, 2, 1),
(32, 'tile.deadbush', 0, 0, 0, 0, 1, 0.6, 1, 0, 0, 0.1, 0, 0.1, 0.9, 0.8, 0.9, 16, 0, 2, 1),
(33, 'tile.pistonBase', 0, 0, 2.5, 0.5, 0, 0.6, 1, 0, 0, 0, 0, 0, 1, 1, 1, 14, 0, 1, 1),
(34, 'tile.null', 0, 0, 2.5, 0.5, 0, 0.6, 1, 0, 0, 0, 0, 0, 1, 1, 1, 14, 0, 1, 1),
(35, 'tile.cloth', 255, 0, 4, 0.8, 0, 0.6, 1, 1, 1, 0, 0, 0, 1, 1, 1, 12, 0, 9, 0),
(36, 'tile.null', 0, 0, 0, -1, 0, 0.6, 1, 0, 0, 0, 0, 0, 1, 1, 1, 14, 0, 5, 1),
(37, 'tile.flower', 0, 0, 0, 0, 1, 0.6, 1, 0, 0, 0.3, 0, 0.3, 0.7, 0.6, 0.7, 5, 0, 2, 1),
(38, 'tile.rose', 0, 0, 0, 0, 1, 0.6, 1, 0, 0, 0.3, 0, 0.3, 0.7, 0.6, 0.7, 5, 0, 2, 1),
(39, 'tile.mushroom', 0, 1, 0, 0, 1, 0.6, 1, 0, 0, 0.3, 0, 0.3, 0.7, 0.4, 0.7, 5, 0, 2, 1),
(40, 'tile.mushroom', 0, 0, 0, 0, 1, 0.6, 1, 0, 0, 0.3, 0, 0.3, 0.7, 0.4, 0.7, 5, 0, 2, 1),
(41, 'tile.blockGold', 255, 0, 30, 3, 0, 0.6, 1, 1, 1, 0, 0, 0, 1, 1, 1, 17, 0, 8, 0),
(42, 'tile.blockIron', 255, 0, 30, 5, 0, 0.6, 1, 1, 1, 0, 0, 0, 1, 1, 1, 17, 0, 8, 0),
(43, 'tile.stoneSlab', 255, 0, 30, 2, 0, 0.6, 1, 1, 1, 0, 0, 0, 1, 1, 1, 1, 0, 1, 1),
(44, 'tile.stoneSlab', 255, 0, 30, 2, 0, 0.6, 1, 0, 0, 0, 0, 0, 1, 0.5, 1, 1, 0, 1, 1),
(45, 'tile.brick', 255, 0, 30, 2, 0, 0.6, 1, 1, 1, 0, 0, 0, 1, 1, 1, 1, 0, 1, 0),
(46, 'tile.tnt', 255, 0, 0, 0, 0, 0.6, 1, 1, 1, 0, 0, 0, 1, 1, 1, 18, 0, 2, 0),
(47, 'tile.bookshelf', 255, 0, 7.5, 1.5, 0, 0.6, 1, 1, 1, 0, 0, 0, 1, 1, 1, 4, 0, 4, 0),
(48, 'tile.stoneMoss', 255, 0, 30, 2, 0, 0.6, 1, 1, 1, 0, 0, 0, 1, 1, 1, 1, 0, 1, 0),
(49, 'tile.obsidian', 255, 0, 6000, 50, 0, 0.6, 1, 1, 1, 0, 0, 0, 1, 1, 1, 1, 0, 1, 0),
(50, 'tile.torch', 0, 14, 0, 0, 1, 0.6, 1, 0, 0, 0, 0, 0, 1, 1, 1, 13, 7, 4, 1),
(51, 'tile.fire', 0, 15, 0, 0, 1, 0.6, 0, 0, 0, 0, 0, 0, 1, 1, 1, 19, 0, 4, 1),
(52, 'tile.mobSpawner', 0, 0, 25, 5, 0, 0.6, 1, 0, 1, 0, 0, 0, 1, 1, 1, 1, 0, 8, 1),
(53, 'tile.stairsWood', 255, 0, 15, 2, 0, 0.6, 1, 0, 0, 0, 0, 0, 1, 1, 1, 4, 2, 4, 1),
(54, 'tile.chest', 0, 0, 12.5, 2.5, 0, 0.6, 1, 0, 0, 0.0625, 0, 0.0625, 0.9375, 0.875, 0.9375, 4, 0, 4, 1),
(55, 'tile.redstoneDust', 0, 0, 0, 0, 0, 0.6, 1, 0, 0, 0, 0, 0, 1, 0.0625, 1, 13, 21, 5, 1),
(56, 'tile.oreDiamond', 255, 0, 15, 3, 0, 0.6, 1, 1, 1, 0, 0, 0, 1, 1, 1, 1, 0, 1, 0),
(57, 'tile.blockDiamond', 255, 0, 30, 5, 0, 0.6, 1, 1, 1, 0, 0, 0, 1, 1, 1, 17, 0, 8, 0),
(58, 'tile.workbench', 255, 0, 12.5, 2.5, 0, 0.6, 1, 1, 1, 0, 0, 0, 1, 1, 1, 4, 0, 4, 0),
(59, 'tile.crops', 0, 0, 0, 0, 1, 0.6, 1, 0, 0, 0, 0, 0, 1, 0.25, 1, 5, 0, 2, 1),
(60, 'tile.farmland', 255, 0, 3, 0.6, 1, 0.6, 1, 0, 0, 0, 0, 0, 1, 0.9375, 1, 3, 0, 3, 1),
(61, 'tile.furnace', 255, 0, 17.5, 3.5, 0, 0.6, 1, 1, 1, 0, 0, 0, 1, 1, 1, 1, 25, 1, 0),
(62, 'tile.furnace', 255, 13, 17.5, 3.5, 0, 0.6, 1, 1, 1, 0, 0, 0, 1, 1, 1, 1, 0, 1, 0),
(63, 'tile.sign', 0, 0, 5, 1, 0, 0.6, 1, 0, 0, 0.25, 0, 0.25, 0.75, 1, 0.75, 4, 20, 4, 1),
(64, 'tile.doorWood', 0, 0, 15, 3, 0, 0.6, 1, 0, 0, 0, 0, 0, 1, 1, 1, 4, 8, 4, 1),
(65, 'tile.ladder', 0, 0, 2, 0.4, 0, 0.6, 1, 0, 0, 0, 0, 0, 1, 1, 1, 13, 0, 10, 1),
(66, 'tile.rail', 0, 0, 3.5, 0.7, 0, 0.6, 1, 0, 0, 0, 0, 0, 1, 0.125, 1, 13, 0, 8, 1),
(67, 'tile.stairsStone', 255, 0, 30, 2, 0, 0.6, 1, 0, 0, 0, 0, 0, 1, 1, 1, 1, 2, 1, 1),
(68, 'tile.sign', 0, 0, 5, 1, 0, 0.6, 1, 0, 0, 0.25, 0, 0.25, 0.75, 1, 0.75, 4, 19, 4, 1),
(69, 'tile.lever', 0, 0, 2.5, 0.5, 0, 0.6, 1, 0, 0, 0, 0, 0, 1, 1, 1, 13, 5, 4, 1),
(70, 'tile.pressurePlate', 0, 0, 2.5, 0.5, 1, 0.6, 1, 0, 0, 0.0625, 0, 0.0625, 0.9375, 0.03125, 0.9375, 1, 0, 1, 1),
(71, 'tile.doorIron', 0, 0, 25, 5, 0, 0.6, 1, 0, 0, 0, 0, 0, 1, 1, 1, 17, 8, 8, 1),
(72, 'tile.pressurePlate', 0, 0, 2.5, 0.5, 1, 0.6, 1, 0, 0, 0.0625, 0, 0.0625, 0.9375, 0.03125, 0.9375, 4, 0, 4, 1),
(73, 'tile.oreRedstone', 255, 0, 15, 3, 0, 0.6, 1, 1, 1, 0, 0, 0, 1, 1, 1, 1, 0, 1, 0),
(74, 'tile.oreRedstone', 255, 9, 15, 3, 1, 0.6, 1, 1, 1, 0, 0, 0, 1, 1, 1, 1, 0, 1, 0),
(75, 'tile.notGate', 0, 0, 0, 0, 1, 0.6, 1, 0, 0, 0, 0, 0, 1, 1, 1, 13, 24, 4, 1),
(76, 'tile.notGate', 0, 7, 0, 0, 1, 0.6, 1, 0, 0, 0, 0, 0, 1, 1, 1, 13, 23, 4, 1),
(77, 'tile.button', 0, 0, 2.5, 0.5, 1, 0.6, 1, 0, 0, 0, 0, 0, 1, 1, 1, 13, 12, 1, 1),
(78, 'tile.snow', 0, 0, 0.5, 0.1, 1, 0.6, 1, 0, 0, 0, 0, 0, 1, 0.125, 1, 20, 0, 11, 1),
(79, 'tile.ice', 3, 0, 2.5, 0.5, 1, 0.98, 1, 0, 1, 0, 0, 0, 1, 1, 1, 21, 0, 7, 0),
(80, 'tile.snow', 255, 0, 1, 0.2, 1, 0.6, 1, 1, 1, 0, 0, 0, 1, 1, 1, 22, 0, 11, 0),
(81, 'tile.cactus', 0, 0, 2, 0.4, 1, 0.6, 1, 0, 0, 0, 0, 0, 1, 1, 1, 23, 0, 9, 1),
(82, 'tile.clay', 255, 0, 3, 0.6, 0, 0.6, 1, 1, 1, 0, 0, 0, 1, 1, 1, 24, 0, 3, 0),
(83, 'tile.reeds', 0, 0, 0, 0, 1, 0.6, 1, 0, 0, 0.125, 0, 0.125, 0.875, 1, 0.875, 5, 0, 2, 1),
(84, 'tile.jukebox', 255, 0, 30, 2, 0, 0.6, 1, 1, 1, 0, 0, 0, 1, 1, 1, 4, 11, 1, 0),
(85, 'tile.fence', 0, 0, 15, 2, 0, 0.6, 1, 0, 0, 0, 0, 0, 1, 1, 1, 4, 0, 4, 1),
(86, 'tile.pumpkin', 255, 0, 5, 1, 1, 0.6, 1, 1, 1, 0, 0, 0, 1, 1, 1, 25, 9, 4, 0),
(87, 'tile.hellrock', 255, 0, 2, 0.4, 0, 0.6, 1, 1, 1, 0, 0, 0, 1, 1, 1, 1, 0, 1, 0),
(88, 'tile.hellsand', 255, 0, 2.5, 0.5, 0, 0.6, 1, 1, 1, 0, 0, 0, 1, 1, 1, 8, 0, 6, 0),
(89, 'tile.lightgem', 255, 15, 1.5, 0.3, 0, 0.6, 1, 1, 1, 0, 0, 0, 1, 1, 1, 11, 0, 7, 0),
(90, 'tile.portal', 0, 11, 0, -1, 1, 0.6, 1, 0, 0, 0, 0, 0, 1, 1, 1, 26, 0, 7, 1),
(91, 'tile.litpumpkin', 255, 15, 5, 1, 1, 0.6, 1, 1, 1, 0, 0, 0, 1, 1, 1, 25, 9, 4, 0),
(92, 'tile.cake', 0, 0, 2.5, 0.5, 1, 0.6, 1, 0, 0, 0, 0, 0, 1, 1, 1, 27, 0, 9, 1),
(93, 'tile.diode', 0, 0, 0, 0, 0, 0.6, 1, 0, 0, 0, 0, 0, 1, 0.125, 1, 13, 0, 4, 1),
(94, 'tile.diode', 0, 9, 0, 0, 0, 0.6, 1, 0, 0, 0, 0, 0, 1, 0.125, 1, 13, 0, 4, 1),
(95, 'tile.lockedchest', 255, 15, 0, 0, 1, 0.6, 1, 1, 1, 0, 0, 0, 1, 1, 1, 4, 0, 4, 0),
(96, 'tile.trapdoor', 0, 0, 15, 3, 0, 0.6, 1, 0, 0, 0, 0, 0, 1, 1, 1, 4, 0, 4, 1),
(97, 'tile.monsterStoneEgg', 255, 0, 3.75, 0.75, 0, 0.6, 1, 1, 1, 0, 0, 0, 1, 1, 1, 24, 0, 5, 0),
(98, 'tile.stonebricksmooth', 255, 0, 30, 1.5, 0, 0.6, 1, 1, 1, 0, 0, 0, 1, 1, 1, 1, 0, 1, 0),
(99, 'tile.mushroom', 255, 0, 1, 0.2, 0, 0.6, 1, 1, 1, 0, 0, 0, 1, 1, 1, 4, 0, 4, 0),
(100, 'tile.mushroom', 255, 0, 1, 0.2, 0, 0.6, 1, 1, 1, 0, 0, 0, 1, 1, 1, 4, 0, 4, 0),
(101, 'tile.fenceIron', 0, 0, 30, 5, 0, 0.6, 1, 0, 0, 0, 0, 0, 1, 1, 1, 17, 0, 8, 1),
(102, 'tile.thinGlass', 0, 0, 1.5, 0.3, 0, 0.6, 1, 0, 0, 0, 0, 0, 1, 1, 1, 11, 0, 7, 1),
(103, 'tile.melon', 255, 0, 5, 1, 0, 0.6, 1, 1, 1, 0, 0, 0, 1, 1, 1, 25, 0, 4, 0),
(104, 'tile.pumpkinStem', 0, 0, 0, 0, 1, 0.6, 1, 0, 0, 0.375, 0, 0.375, 0.625, 0.25, 0.625, 5, 0, 4, 1),
(105, 'tile.pumpkinStem', 0, 0, 0, 0, 1, 0.6, 1, 0, 0, 0.375, 0, 0.375, 0.625, 0.25, 0.625, 5, 0, 4, 1),
(106, 'tile.vine', 0, 0, 1, 0.2, 1, 0.6, 1, 0, 0, 0, 0, 0, 1, 1, 1, 16, 0, 2, 1),
(107, 'tile.fenceGate', 0, 0, 15, 2, 0, 0.6, 1, 0, 0, 0, 0, 0, 1, 1, 1, 4, 0, 4, 1),
(108, 'tile.stairsBrick', 255, 0, 30, 2, 0, 0.6, 1, 0, 0, 0, 0, 0, 1, 1, 1, 1, 2, 1, 1),
(109, 'tile.stairsStoneBrickSmooth', 255, 0, 30, 1.5, 0, 0.6, 1, 0, 0, 0, 0, 0, 1, 1, 1, 1, 2, 1, 1),
(110, 'tile.mycel', 255, 0, 3, 0.6, 1, 0.6, 1, 1, 1, 0, 0, 0, 1, 1, 1, 2, 17, 2, 0),
(111, 'tile.waterlily', 0, 0, 0, 0, 1, 0.6, 1, 0, 0, 0, 0, 0, 1, 0.015625, 1, 5, 0, 2, 1),
(112, 'tile.netherBrick', 255, 0, 30, 2, 0, 0.6, 1, 1, 1, 0, 0, 0, 1, 1, 1, 1, 0, 1, 0),
(113, 'tile.netherFence', 0, 0, 30, 2, 0, 0.6, 1, 0, 0, 0, 0, 0, 1, 1, 1, 1, 0, 1, 1),
(114, 'tile.stairsNetherBrick', 255, 0, 30, 2, 0, 0.6, 1, 0, 0, 0, 0, 0, 1, 1, 1, 1, 2, 1, 1),
(115, 'tile.netherStalk', 0, 0, 0, 0, 1, 0.6, 1, 0, 0, 0, 0, 0, 1, 0.25, 1, 5, 0, 5, 1),
(116, 'tile.enchantmentTable', 0, 0, 6000, 5, 0, 0.6, 1, 0, 0, 0, 0, 0, 1, 0.75, 1, 1, 0, 5, 1),
(117, 'tile.brewingStand', 0, 1, 2.5, 0.5, 0, 0.6, 1, 0, 0, 0, 0, 0, 1, 1, 1, 17, 0, 5, 1),
(118, 'tile.cauldron', 0, 0, 10, 2, 0, 0.6, 1, 0, 0, 0, 0, 0, 1, 1, 1, 17, 0, 5, 1),
(119, 'tile.null', 0, 15, 18000000, -1, 0, 0.6, 1, 0, 0, 0, 0, 0, 1, 1, 1, 26, 0, 5, 1),
(120, 'tile.endPortalFrame', 0, 1, 18000000, -1, 0, 0.6, 1, 0, 1, 0, 0, 0, 1, 1, 1, 1, 0, 7, 1),
(121, 'tile.whiteStone', 255, 0, 45, 3, 0, 0.6, 1, 1, 1, 0, 0, 0, 1, 1, 1, 1, 0, 1, 0),
(122, 'tile.dragonEgg', 0, 1, 45, 3, 0, 0.6, 1, 0, 0, 0.0625, 0, 0.0625, 0.9375, 1, 0.9375, 28, 0, 1, 1),
(123, 'tile.redstoneLight', 255, 0, 1.5, 0.3, 0, 0.6, 1, 1, 1, 0, 0, 0, 1, 1, 1, 29, 0, 7, 0),
(124, 'tile.redstoneLight', 255, 15, 1.5, 0.3, 0, 0.6, 1, 1, 1, 0, 0, 0, 1, 1, 1, 29, 0, 7, 0),
(125, 'tile.woodSlab', 255, 0, 15, 2, 0, 0.6, 1, 1, 1, 0, 0, 0, 1, 1, 1, 4, 0, 4, 1),
(126, 'tile.woodSlab', 255, 0, 15, 2, 0, 0.6, 1, 0, 0, 0, 0, 0, 1, 0.5, 1, 4, 0, 4, 1),
(127, 'tile.cocoa', 0, 0, 15, 0.2, 1, 0.6, 1, 0, 0, 0, 0, 0, 1, 1, 1, 5, 0, 4, 1),
(128, 'tile.stairsSandStone', 255, 0, 4, 0.8, 0, 0.6, 1, 0, 0, 0, 0, 0, 1, 1, 1, 1, 2, 1, 1),
(129, 'tile.oreEmerald', 255, 0, 15, 3, 0, 0.6, 1, 1, 1, 0, 0, 0, 1, 1, 1, 1, 0, 1, 0),
(130, 'tile.enderChest', 0, 7, 3000, 22.5, 0, 0.6, 1, 0, 0, 0.0625, 0, 0.0625, 0.9375, 0.875, 0.9375, 1, 0, 1, 1),
(131, 'tile.tripWireSource', 0, 0, 0, 0, 1, 0.6, 1, 0, 0, 0, 0, 0, 1, 1, 1, 13, 0, 5, 1),
(132, 'tile.tripWire', 0, 0, 0, 0, 1, 0.6, 1, 0, 0, 0, 0, 0, 1, 0.15625, 1, 13, 0, 5, 1),
(133, 'tile.blockEmerald', 255, 0, 30, 5, 0, 0.6, 1, 1, 1, 0, 0, 0, 1, 1, 1, 17, 0, 8, 0),
(134, 'tile.stairsWoodSpruce', 255, 0, 15, 2, 0, 0.6, 1, 0, 0, 0, 0, 0, 1, 1, 1, 4, 2, 4, 1),
(135, 'tile.stairsWoodBirch', 255, 0, 15, 2, 0, 0.6, 1, 0, 0, 0, 0, 0, 1, 1, 1, 4, 2, 4, 1),
(136, 'tile.stairsWoodJungle', 255, 0, 15, 2, 0, 0.6, 1, 0, 0, 0, 0, 0, 1, 1, 1, 4, 2, 4, 1),
(137, 'tile.commandBlock', 255, 0, 0, 0, 0, 0.6, 1, 1, 1, 0, 0, 0, 1, 1, 1, 17, 0, 5, 0),
(138, 'tile.beacon', 0, 15, 15, 3, 0, 0.6, 1, 0, 0, 0, 0, 0, 1, 1, 1, 11, 0, 5, 1),
(139, 'tile.cobbleWall', 0, 0, 30, 2, 0, 0.6, 1, 0, 0, 0, 0, 0, 1, 1, 1, 1, 0, 1, 1),
(140, 'tile.flowerPot', 0, 0, 0, 0, 0, 0.6, 1, 0, 0, 0.3125, 0, 0.3125, 0.6875, 0.375, 0.6875, 13, 0, 5, 1),
(141, 'tile.carrots', 0, 0, 0, 0, 1, 0.6, 1, 0, 0, 0, 0, 0, 1, 0.25, 1, 5, 0, 2, 1),
(142, 'tile.potatoes', 0, 0, 0, 0, 1, 0.6, 1, 0, 0, 0, 0, 0, 1, 0.25, 1, 5, 0, 2, 1),
(143, 'tile.button', 0, 0, 2.5, 0.5, 1, 0.6, 1, 0, 0, 0, 0, 0, 1, 1, 1, 13, 12, 4, 1),
(144, 'tile.skull', 0, 0, 5, 1, 0, 0.6, 1, 0, 0, 0.25, 0, 0.25, 0.75, 0.5, 0.75, 13, 0, 1, 1),
(145, 'tile.anvil', 0, 0, 6000, 5, 0, 0.6, 1, 0, 0, 0, 0, 0, 1, 1, 1, 30, 0, 12, 1),
(146, 'tile.chestTrap', 0, 0, 12.5, 2.5, 0, 0.6, 1, 0, 0, 0.0625, 0, 0.0625, 0.9375, 0.875, 0.9375, 4, 0, 4, 1),
(147, 'tile.weightedPlate_light', 0, 0, 2.5, 0.5, 1, 0.6, 1, 0, 0, 0.0625, 0, 0.0625, 0.9375, 0.03125, 0.9375, 17, 0, 4, 1),
(148, 'tile.weightedPlate_heavy', 0, 0, 2.5, 0.5, 1, 0.6, 1, 0, 0, 0.0625, 0, 0.0625, 0.9375, 0.03125, 0.9375, 17, 0, 4, 1),
(149, 'tile.comparator', 0, 0, 0, 0, 0, 0.6, 1, 0, 0, 0, 0, 0, 1, 0.125, 1, 13, 0, 4, 1),
(150, 'tile.comparator', 0, 9, 0, 0, 0, 0.6, 1, 0, 0, 0, 0, 0, 1, 0.125, 1, 13, 0, 4, 1),
(151, 'tile.daylightDetector', 0, 0, 1, 0.2, 0, 0.6, 1, 0, 0, 0, 0, 0, 1, 0.375, 1, 4, 0, 4, 1),
(152, 'tile.blockRedstone', 255, 0, 30, 5, 0, 0.6, 1, 1, 1, 0, 0, 0, 1, 1, 1, 17, 22, 8, 0),
(153, 'tile.netherquartz', 255, 0, 15, 3, 0, 0.6, 1, 1, 1, 0, 0, 0, 1, 1, 1, 1, 0, 1, 0),
(154, 'tile.hopper', 0, 0, 24, 3, 0, 0.6, 1, 0, 0, 0, 0, 0, 1, 1, 1, 17, 0, 4, 1),
(155, 'tile.quartzBlock', 255, 0, 4, 0.8, 0, 0.6, 1, 1, 1, 0, 0, 0, 1, 1, 1, 1, 16, 1, 0),
(156, 'tile.stairsQuartz', 255, 0, 4, 0.8, 0, 0.6, 1, 0, 0, 0, 0, 0, 1, 1, 1, 1, 2, 1, 1),
(157, 'tile.activatorRail', 0, 0, 3.5, 0.7, 0, 0.6, 1, 0, 0, 0, 0, 0, 1, 0.125, 1, 13, 0, 8, 1),
(158, 'tile.dropper', 255, 0, 17.5, 3.5, 0, 0.6, 1, 1, 1, 0, 0, 0, 1, 1, 1, 1, 0, 1, 0);

CREATE TABLE IF NOT EXISTS `blocksound` (
  `soundId` int(11) NOT NULL AUTO_INCREMENT,
  `name` varchar(64) COLLATE utf8_bin NOT NULL,
  `volume` float NOT NULL,
  `modifier` float NOT NULL,
  `stepSound` varchar(64) COLLATE utf8_bin NOT NULL,
  `placeSound` varchar(64) COLLATE utf8_bin NOT NULL,
  `breakSound` varchar(64) COLLATE utf8_bin NOT NULL,
  PRIMARY KEY (`soundId`)
) ENGINE=InnoDB  DEFAULT CHARSET=utf8 COLLATE=utf8_bin AUTO_INCREMENT=13 ;

INSERT INTO `blocksound` (`soundId`, `name`, `volume`, `modifier`, `stepSound`, `placeSound`, `breakSound`) VALUES
(1, 'UNKNOW', 1, 1, 'step.stone', 'dig.stone', 'dig.stone'),
(2, 'UNKNOW', 1, 1, 'step.grass', 'dig.grass', 'dig.grass'),
(3, 'UNKNOW', 1, 1, 'step.gravel', 'dig.gravel', 'dig.gravel'),
(4, 'UNKNOW', 1, 1, 'step.wood', 'dig.wood', 'dig.wood'),
(5, 'UNKNOW', 1, 1, 'step.stone', 'dig.stone', 'dig.stone'),
(6, 'UNKNOW', 1, 1, 'step.sand', 'dig.sand', 'dig.sand'),
(7, 'UNKNOW', 1, 1, 'step.stone', 'step.stone', 'random.glass'),
(8, 'UNKNOW', 1, 1.5, 'step.stone', 'dig.stone', 'dig.stone'),
(9, 'UNKNOW', 1, 1, 'step.cloth', 'dig.cloth', 'dig.cloth'),
(10, 'UNKNOW', 1, 1, 'step.ladder', 'dig.wood', 'dig.wood'),
(11, 'UNKNOW', 1, 1, 'step.snow', 'dig.snow', 'dig.snow'),
(12, 'UNKNOW', 0.3, 1, 'step.anvil', 'random.anvil_land', 'dig.stone');

CREATE TABLE IF NOT EXISTS `furnace_recipe` (
  `itemId` int(11) NOT NULL,
  `itemData` int(11) NOT NULL,
  `resultId` int(11) NOT NULL,
  `resultData` int(11) NOT NULL,
  `resultQuantity` int(11) NOT NULL,
  `experience` float NOT NULL,
  PRIMARY KEY (`itemId`,`itemData`)
) ENGINE=InnoDB DEFAULT CHARSET=utf8 COLLATE=utf8_bin;

INSERT INTO `furnace_recipe` (`itemId`, `itemData`, `resultId`, `resultData`, `resultQuantity`, `experience`) VALUES
(4, -1, 1, 0, 1, 0.1),
(12, -1, 20, 0, 1, 0.1),
(14, -1, 266, 0, 1, 1),
(15, -1, 265, 0, 1, 0.7),
(16, -1, 263, 0, 1, 0.1),
(17, -1, 263, 1, 1, 0.1),
(21, -1, 351, 4, 1, 0.2),
(56, -1, 264, 0, 1, 1),
(73, -1, 331, 0, 1, 0.7),
(81, -1, 351, 2, 1, 0.2),
(87, -1, 405, 0, 1, 0.1),
(129, -1, 388, 0, 1, 1),
(153, -1, 406, 0, 1, 0.2),
(319, -1, 320, 0, 1, 0.35),
(337, -1, 336, 0, 1, 0.3),
(349, -1, 350, 0, 1, 0.35),
(363, -1, 364, 0, 1, 0.35),
(365, -1, 366, 0, 1, 0.35),
(392, -1, 393, 0, 1, 0.35);

CREATE TABLE IF NOT EXISTS `items` (
  `itemId` int(10) NOT NULL AUTO_INCREMENT,
  `name` text COLLATE utf8_bin NOT NULL,
  `maxStackSize` int(10) NOT NULL,
  `maxDamage` int(10) NOT NULL,
  `hasSubType` int(10) NOT NULL,
  `containerId` int(10) NOT NULL,
  `burningTime` int(11) NOT NULL,
  `scriptId` int(11) NOT NULL,
  PRIMARY KEY (`itemId`)
) ENGINE=InnoDB  DEFAULT CHARSET=utf8 COLLATE=utf8_bin AUTO_INCREMENT=2268 ;

INSERT INTO `items` (`itemId`, `name`, `maxStackSize`, `maxDamage`, `hasSubType`, `containerId`, `burningTime`, `scriptId`) VALUES
(5, 'item.planks', 64, 0, 1, 0, 0, 3),
(17, 'item.log', 64, 0, 1, 0, 0, 3),
(18, 'item.leaves', 64, 0, 1, 0, 0, 3),
(24, 'item.sandstone', 64, 0, 1, 0, 0, 3),
(31, 'item.tallgrass', 64, 0, 1, 0, 0, 3),
(35, 'item.wool', 64, 0, 1, 0, 0, 3),
(98, 'item.stonebricksmooth', 64, 0, 1, 0, 0, 3),
(155, 'item.quartzBlock', 64, 0, 1, 0, 0, 3),
(256, 'item.shovelIron', 1, 250, 0, 0, 0, 0),
(257, 'item.pickaxeIron', 1, 250, 0, 0, 0, 0),
(258, 'item.hatchetIron', 1, 250, 0, 0, 0, 0),
(259, 'item.flintAndSteel', 1, 64, 0, 0, 0, 0),
(260, 'item.apple', 64, 0, 0, 0, 0, 0),
(261, 'item.bow', 1, 384, 0, 0, 0, 0),
(262, 'item.arrow', 64, 0, 0, 0, 0, 0),
(263, 'item.coal', 64, 0, 1, 0, 1600, 0),
(264, 'item.diamond', 64, 0, 0, 0, 0, 0),
(265, 'item.ingotIron', 64, 0, 0, 0, 0, 0),
(266, 'item.ingotGold', 64, 0, 0, 0, 0, 0),
(267, 'item.swordIron', 1, 250, 0, 0, 0, 0),
(268, 'item.swordWood', 1, 59, 0, 0, 200, 0),
(269, 'item.shovelWood', 1, 59, 0, 0, 200, 0),
(270, 'item.pickaxeWood', 1, 59, 0, 0, 200, 0),
(271, 'item.hatchetWood', 1, 59, 0, 0, 200, 0),
(272, 'item.swordStone', 1, 131, 0, 0, 0, 0),
(273, 'item.shovelStone', 1, 131, 0, 0, 0, 0),
(274, 'item.pickaxeStone', 1, 131, 0, 0, 0, 0),
(275, 'item.hatchetStone', 1, 131, 0, 0, 0, 0),
(276, 'item.swordDiamond', 1, 1561, 0, 0, 0, 0),
(277, 'item.shovelDiamond', 1, 1561, 0, 0, 0, 0),
(278, 'item.pickaxeDiamond', 1, 1561, 0, 0, 0, 0),
(279, 'item.hatchetDiamond', 1, 1561, 0, 0, 0, 0),
(280, 'item.stick', 64, 0, 0, 0, 100, 0),
(281, 'item.bowl', 64, 0, 0, 0, 0, 0),
(282, 'item.mushroomStew', 1, 0, 0, 0, 0, 0),
(283, 'item.swordGold', 1, 32, 0, 0, 0, 0),
(284, 'item.shovelGold', 1, 32, 0, 0, 0, 0),
(285, 'item.pickaxeGold', 1, 32, 0, 0, 0, 0),
(286, 'item.hatchetGold', 1, 32, 0, 0, 0, 0),
(287, 'item.string', 64, 0, 0, 0, 0, 0),
(288, 'item.feather', 64, 0, 0, 0, 0, 0),
(289, 'item.sulphur', 64, 0, 0, 0, 0, 0),
(290, 'item.hoeWood', 1, 59, 0, 0, 200, 0),
(291, 'item.hoeStone', 1, 131, 0, 0, 0, 0),
(292, 'item.hoeIron', 1, 250, 0, 0, 0, 0),
(293, 'item.hoeDiamond', 1, 1561, 0, 0, 0, 0),
(294, 'item.hoeGold', 1, 32, 0, 0, 0, 0),
(295, 'item.seeds', 64, 0, 0, 0, 0, 0),
(296, 'item.wheat', 64, 0, 0, 0, 0, 0),
(297, 'item.bread', 64, 0, 0, 0, 0, 0),
(298, 'item.helmetCloth', 1, 55, 0, 0, 0, 0),
(299, 'item.chestplateCloth', 1, 80, 0, 0, 0, 0),
(300, 'item.leggingsCloth', 1, 75, 0, 0, 0, 0),
(301, 'item.bootsCloth', 1, 65, 0, 0, 0, 0),
(302, 'item.helmetChain', 1, 165, 0, 0, 0, 0),
(303, 'item.chestplateChain', 1, 240, 0, 0, 0, 0),
(304, 'item.leggingsChain', 1, 225, 0, 0, 0, 0),
(305, 'item.bootsChain', 1, 195, 0, 0, 0, 0),
(306, 'item.helmetIron', 1, 165, 0, 0, 0, 0),
(307, 'item.chestplateIron', 1, 240, 0, 0, 0, 0),
(308, 'item.leggingsIron', 1, 225, 0, 0, 0, 0),
(309, 'item.bootsIron', 1, 195, 0, 0, 0, 0),
(310, 'item.helmetDiamond', 1, 363, 0, 0, 0, 0),
(311, 'item.chestplateDiamond', 1, 528, 0, 0, 0, 0),
(312, 'item.leggingsDiamond', 1, 495, 0, 0, 0, 0),
(313, 'item.bootsDiamond', 1, 429, 0, 0, 0, 0),
(314, 'item.helmetGold', 1, 77, 0, 0, 0, 0),
(315, 'item.chestplateGold', 1, 112, 0, 0, 0, 0),
(316, 'item.leggingsGold', 1, 105, 0, 0, 0, 0),
(317, 'item.bootsGold', 1, 91, 0, 0, 0, 0),
(318, 'item.flint', 64, 0, 0, 0, 0, 0),
(319, 'item.porkchopRaw', 64, 0, 0, 0, 0, 0),
(320, 'item.porkchopCooked', 64, 0, 0, 0, 0, 0),
(321, 'item.painting', 64, 0, 0, 0, 0, 15),
(322, 'item.appleGold', 64, 0, 1, 0, 0, 0),
(323, 'item.sign', 16, 0, 0, 0, 0, 18),
(324, 'item.doorWood', 1, 0, 0, 0, 0, 3),
(325, 'item.bucket', 16, 0, 0, 0, 0, 0),
(326, 'item.bucketWater', 1, 0, 0, 325, 0, 0),
(327, 'item.bucketLava', 1, 0, 0, 325, 20000, 0),
(328, 'item.minecart', 1, 0, 0, 0, 0, 0),
(329, 'item.saddle', 1, 0, 0, 0, 0, 0),
(330, 'item.doorIron', 1, 0, 0, 0, 0, 3),
(331, 'item.redstone', 64, 0, 0, 0, 0, 3),
(332, 'item.snowball', 16, 0, 0, 0, 0, 0),
(333, 'item.boat', 1, 0, 0, 0, 0, 0),
(334, 'item.leather', 64, 0, 0, 0, 0, 0),
(335, 'item.milk', 1, 0, 0, 325, 0, 0),
(336, 'item.brick', 64, 0, 0, 0, 0, 0),
(337, 'item.clay', 64, 0, 0, 0, 0, 0),
(338, 'item.reeds', 64, 0, 0, 0, 0, 0),
(339, 'item.paper', 64, 0, 0, 0, 0, 0),
(340, 'item.book', 64, 0, 0, 0, 0, 0),
(341, 'item.slimeball', 64, 0, 0, 0, 0, 0),
(342, 'item.minecartChest', 1, 0, 0, 0, 0, 0),
(343, 'item.minecartFurnace', 1, 0, 0, 0, 0, 0),
(344, 'item.egg', 16, 0, 0, 0, 0, 0),
(345, 'item.compass', 64, 0, 0, 0, 0, 0),
(346, 'item.fishingRod', 1, 64, 0, 0, 0, 0),
(347, 'item.clock', 64, 0, 0, 0, 0, 0),
(348, 'item.yellowDust', 64, 0, 0, 0, 0, 0),
(349, 'item.fishRaw', 64, 0, 0, 0, 0, 0),
(350, 'item.fishCooked', 64, 0, 0, 0, 0, 0),
(351, 'item.dyePowder', 64, 0, 1, 0, 0, 0),
(352, 'item.bone', 64, 0, 0, 0, 0, 0),
(353, 'item.sugar', 64, 0, 0, 0, 0, 0),
(354, 'item.cake', 1, 0, 0, 0, 0, 0),
(355, 'item.bed', 1, 0, 0, 0, 0, 0),
(356, 'item.diode', 64, 0, 0, 0, 0, 0),
(357, 'item.cookie', 64, 0, 0, 0, 0, 0),
(358, 'item.map', 64, 0, 1, 0, 0, 0),
(359, 'item.shears', 1, 238, 0, 0, 0, 0),
(360, 'item.melon', 64, 0, 0, 0, 0, 0),
(361, 'item.seeds_pumpkin', 64, 0, 0, 0, 0, 0),
(362, 'item.seeds_melon', 64, 0, 0, 0, 0, 0),
(363, 'item.beefRaw', 64, 0, 0, 0, 0, 0),
(364, 'item.beefCooked', 64, 0, 0, 0, 0, 0),
(365, 'item.chickenRaw', 64, 0, 0, 0, 0, 0),
(366, 'item.chickenCooked', 64, 0, 0, 0, 0, 0),
(367, 'item.rottenFlesh', 64, 0, 0, 0, 0, 0),
(368, 'item.enderPearl', 16, 0, 0, 0, 0, 0),
(369, 'item.blazeRod', 64, 0, 0, 0, 2400, 0),
(370, 'item.ghastTear', 64, 0, 0, 0, 0, 0),
(371, 'item.goldNugget', 64, 0, 0, 0, 0, 0),
(372, 'item.netherStalkSeeds', 64, 0, 0, 0, 0, 0),
(373, 'item.potion', 1, 0, 1, 0, 0, 0),
(374, 'item.glassBottle', 64, 0, 0, 0, 0, 0),
(375, 'item.spiderEye', 64, 0, 0, 0, 0, 0),
(376, 'item.fermentedSpiderEye', 64, 0, 0, 0, 0, 0),
(377, 'item.blazePowder', 64, 0, 0, 0, 0, 0),
(378, 'item.magmaCream', 64, 0, 0, 0, 0, 0),
(379, 'item.brewingStand', 64, 0, 0, 0, 0, 0),
(380, 'item.cauldron', 64, 0, 0, 0, 0, 0),
(381, 'item.eyeOfEnder', 64, 0, 0, 0, 0, 0),
(382, 'item.speckledMelon', 64, 0, 0, 0, 0, 0),
(383, 'item.monsterPlacer', 64, 0, 1, 0, 0, 0),
(384, 'item.expBottle', 64, 0, 0, 0, 0, 0),
(385, 'item.fireball', 64, 0, 0, 0, 0, 0),
(386, 'item.writingBook', 1, 0, 0, 0, 0, 0),
(387, 'item.writtenBook', 1, 0, 0, 0, 0, 0),
(388, 'item.emerald', 64, 0, 0, 0, 0, 0),
(389, 'item.frame', 64, 0, 0, 0, 0, 14),
(390, 'item.flowerPot', 64, 0, 0, 0, 0, 0),
(391, 'item.carrots', 64, 0, 0, 0, 0, 0),
(392, 'item.potato', 64, 0, 0, 0, 0, 0),
(393, 'item.potatoBaked', 64, 0, 0, 0, 0, 0),
(394, 'item.potatoPoisonous', 64, 0, 0, 0, 0, 0),
(395, 'item.emptyMap', 64, 0, 0, 0, 0, 0),
(396, 'item.carrotGolden', 64, 0, 0, 0, 0, 0),
(397, 'item.skull', 64, 0, 1, 0, 0, 0),
(398, 'item.carrotOnAStick', 1, 25, 0, 0, 0, 0),
(399, 'item.netherStar', 64, 0, 0, 0, 0, 0),
(400, 'item.pumpkinPie', 64, 0, 0, 0, 0, 0),
(401, 'item.fireworks', 64, 0, 0, 0, 0, 0),
(402, 'item.fireworksCharge', 64, 0, 0, 0, 0, 0),
(403, 'item.enchantedBook', 1, 0, 0, 0, 0, 0),
(404, 'item.comparator', 64, 0, 0, 0, 0, 0),
(405, 'item.netherbrick', 64, 0, 0, 0, 0, 0),
(406, 'item.netherquartz', 64, 0, 0, 0, 0, 0),
(407, 'item.minecartTnt', 1, 0, 0, 0, 0, 0),
(408, 'item.minecartHopper', 1, 0, 0, 0, 0, 0),
(2256, 'item.record', 1, 0, 0, 0, 0, 0),
(2257, 'item.record', 1, 0, 0, 0, 0, 0),
(2258, 'item.record', 1, 0, 0, 0, 0, 0),
(2259, 'item.record', 1, 0, 0, 0, 0, 0),
(2260, 'item.record', 1, 0, 0, 0, 0, 0),
(2261, 'item.record', 1, 0, 0, 0, 0, 0),
(2262, 'item.record', 1, 0, 0, 0, 0, 0),
(2263, 'item.record', 1, 0, 0, 0, 0, 0),
(2264, 'item.record', 1, 0, 0, 0, 0, 0),
(2265, 'item.record', 1, 0, 0, 0, 0, 0),
(2266, 'item.record', 1, 0, 0, 0, 0, 0),
(2267, 'item.record', 1, 0, 0, 0, 0, 0);

CREATE TABLE IF NOT EXISTS `material` (
  `materialId` int(11) NOT NULL,
  `name` varchar(64) COLLATE utf8_bin NOT NULL,
  `canBurn` tinyint(1) NOT NULL,
  `replacable` tinyint(1) NOT NULL,
  `translucent` tinyint(1) NOT NULL,
  `requiresNoTool` tinyint(1) NOT NULL,
  `mobilityFlag` int(10) NOT NULL,
  `solid` tinyint(1) NOT NULL DEFAULT '1',
  `liquid` tinyint(1) NOT NULL DEFAULT '0'
) ENGINE=InnoDB DEFAULT CHARSET=utf8 COLLATE=utf8_bin;

INSERT INTO `material` (`materialId`, `name`, `canBurn`, `replacable`, `translucent`, `requiresNoTool`, `mobilityFlag`, `solid`, `liquid`) VALUES
(1, 'UNKNOW', 0, 0, 0, 1, 0, 1, 0),
(1, 'UNKNOW', 0, 0, 0, 1, 0, 1, 0),
(2, 'UNKNOW', 0, 0, 0, 0, 0, 1, 0),
(3, 'UNKNOW', 0, 0, 0, 0, 0, 1, 0),
(4, 'UNKNOW', 1, 0, 0, 0, 0, 1, 0),
(5, 'UNKNOW', 0, 0, 1, 0, 1, 1, 0),
(6, 'UNKNOW', 0, 1, 1, 0, 1, 1, 0),
(7, 'UNKNOW', 0, 1, 1, 0, 1, 1, 0),
(8, 'UNKNOW', 0, 0, 0, 0, 0, 1, 0),
(9, 'UNKNOW', 1, 0, 1, 0, 1, 1, 0),
(10, 'UNKNOW', 0, 0, 0, 0, 0, 1, 0),
(11, 'UNKNOW', 0, 0, 1, 0, 0, 1, 0),
(12, 'UNKNOW', 1, 0, 0, 0, 0, 1, 0),
(13, 'UNKNOW', 0, 0, 1, 0, 1, 1, 0),
(14, 'UNKNOW', 0, 0, 0, 0, 2, 1, 0),
(15, 'UNKNOW', 0, 0, 1, 1, 1, 1, 0),
(16, 'UNKNOW', 1, 1, 1, 0, 1, 1, 0),
(17, 'UNKNOW', 0, 0, 0, 1, 0, 1, 0),
(18, 'UNKNOW', 1, 0, 1, 0, 0, 1, 0),
(19, 'UNKNOW', 0, 1, 1, 0, 1, 1, 0),
(20, 'UNKNOW', 0, 1, 1, 1, 1, 1, 0),
(21, 'UNKNOW', 0, 0, 1, 0, 0, 1, 0),
(22, 'UNKNOW', 0, 0, 0, 1, 0, 1, 0),
(23, 'UNKNOW', 0, 0, 1, 0, 1, 1, 0),
(24, 'UNKNOW', 0, 0, 0, 0, 0, 1, 0),
(25, 'UNKNOW', 0, 0, 0, 0, 1, 1, 0),
(26, 'UNKNOW', 0, 0, 1, 0, 2, 1, 0),
(27, 'UNKNOW', 0, 0, 0, 0, 1, 1, 0),
(28, 'UNKNOW', 0, 0, 0, 0, 1, 1, 0),
(29, 'UNKNOW', 0, 0, 0, 0, 0, 1, 0),
(30, 'UNKNOW', 0, 0, 0, 1, 2, 1, 0),
(1, 'UNKNOW', 0, 0, 0, 1, 0, 1, 0),
(2, 'UNKNOW', 0, 0, 0, 0, 0, 1, 0),
(3, 'UNKNOW', 0, 0, 0, 0, 0, 1, 0),
(4, 'UNKNOW', 1, 0, 0, 0, 0, 1, 0),
(5, 'UNKNOW', 0, 0, 1, 0, 1, 1, 0),
(6, 'UNKNOW', 0, 1, 1, 0, 1, 1, 0),
(7, 'UNKNOW', 0, 1, 1, 0, 1, 1, 0),
(8, 'UNKNOW', 0, 0, 0, 0, 0, 1, 0),
(9, 'UNKNOW', 1, 0, 1, 0, 1, 1, 0),
(10, 'UNKNOW', 0, 0, 0, 0, 0, 1, 0),
(11, 'UNKNOW', 0, 0, 1, 0, 0, 1, 0),
(12, 'UNKNOW', 1, 0, 0, 0, 0, 1, 0),
(13, 'UNKNOW', 0, 0, 1, 0, 1, 1, 0),
(14, 'UNKNOW', 0, 0, 0, 0, 2, 1, 0),
(15, 'UNKNOW', 0, 0, 1, 1, 1, 1, 0),
(16, 'UNKNOW', 1, 1, 1, 0, 1, 1, 0),
(17, 'UNKNOW', 0, 0, 0, 1, 0, 1, 0),
(18, 'UNKNOW', 1, 0, 1, 0, 0, 1, 0),
(19, 'UNKNOW', 0, 1, 1, 0, 1, 1, 0),
(20, 'UNKNOW', 0, 1, 1, 1, 1, 1, 0),
(21, 'UNKNOW', 0, 0, 1, 0, 0, 1, 0),
(22, 'UNKNOW', 0, 0, 0, 1, 0, 1, 0),
(23, 'UNKNOW', 0, 0, 1, 0, 1, 1, 0),
(24, 'UNKNOW', 0, 0, 0, 0, 0, 1, 0),
(25, 'UNKNOW', 0, 0, 0, 0, 1, 1, 0),
(26, 'UNKNOW', 0, 0, 1, 0, 2, 1, 0),
(27, 'UNKNOW', 0, 0, 0, 0, 1, 1, 0),
(28, 'UNKNOW', 0, 0, 0, 0, 1, 1, 0),
(29, 'UNKNOW', 0, 0, 0, 0, 0, 1, 0),
(30, 'UNKNOW', 0, 0, 0, 1, 2, 1, 0),
(1, 'UNKNOW', 0, 0, 0, 1, 0, 1, 0),
(2, 'UNKNOW', 0, 0, 0, 0, 0, 1, 0),
(3, 'UNKNOW', 0, 0, 0, 0, 0, 1, 0),
(4, 'UNKNOW', 1, 0, 0, 0, 0, 1, 0),
(5, 'UNKNOW', 0, 0, 1, 0, 1, 1, 0),
(6, 'UNKNOW', 0, 1, 1, 0, 1, 1, 0),
(7, 'UNKNOW', 0, 1, 1, 0, 1, 1, 0),
(8, 'UNKNOW', 0, 0, 0, 0, 0, 1, 0),
(9, 'UNKNOW', 1, 0, 1, 0, 1, 1, 0),
(10, 'UNKNOW', 0, 0, 0, 0, 0, 1, 0),
(11, 'UNKNOW', 0, 0, 1, 0, 0, 1, 0),
(12, 'UNKNOW', 1, 0, 0, 0, 0, 1, 0),
(13, 'UNKNOW', 0, 0, 1, 0, 1, 1, 0),
(14, 'UNKNOW', 0, 0, 0, 0, 2, 1, 0),
(15, 'UNKNOW', 0, 0, 1, 1, 1, 1, 0),
(16, 'UNKNOW', 1, 1, 1, 0, 1, 1, 0),
(17, 'UNKNOW', 0, 0, 0, 1, 0, 1, 0),
(18, 'UNKNOW', 1, 0, 1, 0, 0, 1, 0),
(19, 'UNKNOW', 0, 1, 1, 0, 1, 1, 0),
(20, 'UNKNOW', 0, 1, 1, 1, 1, 1, 0),
(21, 'UNKNOW', 0, 0, 1, 0, 0, 1, 0),
(22, 'UNKNOW', 0, 0, 0, 1, 0, 1, 0),
(23, 'UNKNOW', 0, 0, 1, 0, 1, 1, 0),
(24, 'UNKNOW', 0, 0, 0, 0, 0, 1, 0),
(25, 'UNKNOW', 0, 0, 0, 0, 1, 1, 0),
(26, 'UNKNOW', 0, 0, 1, 0, 2, 1, 0),
(27, 'UNKNOW', 0, 0, 0, 0, 1, 1, 0),
(28, 'UNKNOW', 0, 0, 0, 0, 1, 1, 0),
(29, 'UNKNOW', 0, 0, 0, 0, 0, 1, 0),
(30, 'UNKNOW', 0, 0, 0, 1, 2, 1, 0),
(1, 'UNKNOW', 0, 0, 0, 1, 0, 1, 0),
(2, 'UNKNOW', 0, 0, 0, 0, 0, 1, 0),
(3, 'UNKNOW', 0, 0, 0, 0, 0, 1, 0),
(4, 'UNKNOW', 1, 0, 0, 0, 0, 1, 0),
(5, 'UNKNOW', 0, 0, 1, 0, 1, 0, 0),
(6, 'UNKNOW', 0, 1, 1, 0, 1, 0, 1),
(7, 'UNKNOW', 0, 1, 1, 0, 1, 0, 1),
(8, 'UNKNOW', 0, 0, 0, 0, 0, 1, 0),
(9, 'UNKNOW', 1, 0, 1, 0, 1, 1, 0),
(10, 'UNKNOW', 0, 0, 0, 0, 0, 1, 0),
(11, 'UNKNOW', 0, 0, 1, 0, 0, 1, 0),
(12, 'UNKNOW', 1, 0, 0, 0, 0, 1, 0),
(13, 'UNKNOW', 0, 0, 1, 0, 1, 0, 0),
(14, 'UNKNOW', 0, 0, 0, 0, 2, 1, 0),
(15, 'UNKNOW', 0, 0, 1, 1, 1, 1, 0),
(16, 'UNKNOW', 1, 1, 1, 0, 1, 0, 0),
(17, 'UNKNOW', 0, 0, 0, 1, 0, 1, 0),
(18, 'UNKNOW', 1, 0, 1, 0, 0, 1, 0),
(19, 'UNKNOW', 0, 1, 1, 0, 1, 0, 0),
(20, 'UNKNOW', 0, 1, 1, 1, 1, 0, 0),
(21, 'UNKNOW', 0, 0, 1, 0, 0, 1, 0),
(22, 'UNKNOW', 0, 0, 0, 1, 0, 1, 0),
(23, 'UNKNOW', 0, 0, 1, 0, 1, 1, 0),
(24, 'UNKNOW', 0, 0, 0, 0, 0, 1, 0),
(25, 'UNKNOW', 0, 0, 0, 0, 1, 1, 0),
(26, 'UNKNOW', 0, 0, 1, 0, 2, 0, 0),
(27, 'UNKNOW', 0, 0, 0, 0, 1, 1, 0),
(28, 'UNKNOW', 0, 0, 0, 0, 1, 1, 0),
(29, 'UNKNOW', 0, 0, 0, 0, 0, 1, 0),
(30, 'UNKNOW', 0, 0, 0, 1, 2, 1, 0);

CREATE TABLE IF NOT EXISTS `painting` (
  `name` varchar(13) COLLATE utf8_bin NOT NULL,
  `sizeX` int(11) NOT NULL,
  `sizeY` int(11) NOT NULL,
  `itemId` int(11) NOT NULL,
  `itemData` int(11) NOT NULL,
  PRIMARY KEY (`name`)
) ENGINE=InnoDB DEFAULT CHARSET=utf8 COLLATE=utf8_bin;

INSERT INTO `painting` (`name`, `sizeX`, `sizeY`, `itemId`, `itemData`) VALUES
('Alban', 16, 16, 321, 0),
('Aztec', 16, 16, 321, 0),
('Aztec2', 16, 16, 321, 0),
('Bomb', 16, 16, 321, 0),
('BurningSkull', 64, 64, 321, 0),
('Bust', 32, 32, 321, 0),
('Courbet', 32, 16, 321, 0),
('Creebet', 32, 16, 321, 0),
('DonkeyKong', 64, 48, 321, 0),
('Fighters', 64, 32, 321, 0),
('Graham', 16, 32, 321, 0),
('Kebab', 16, 16, 321, 0),
('Match', 32, 32, 321, 0),
('Pigscene', 64, 64, 321, 0),
('Plant', 16, 16, 321, 0),
('Pointer', 64, 64, 321, 0),
('Pool', 32, 16, 321, 0),
('Sea', 32, 16, 321, 0),
('Skeleton', 64, 48, 321, 0),
('SkullAndRoses', 32, 32, 321, 0),
('Stage', 32, 32, 321, 0),
('Sunset', 32, 16, 321, 0),
('Void', 32, 32, 321, 0),
('Wanderer', 16, 32, 321, 0),
('Wasteland', 16, 16, 321, 0),
('Wither', 32, 32, 321, 0);

CREATE TABLE IF NOT EXISTS `script` (
  `id` int(11) NOT NULL AUTO_INCREMENT,
  `scriptName` varchar(128) COLLATE utf8_bin NOT NULL,
  `paramCount` int(11) NOT NULL,
  PRIMARY KEY (`id`),
  UNIQUE KEY `scriptName` (`scriptName`)
) ENGINE=InnoDB  DEFAULT CHARSET=utf8 COLLATE=utf8_bin AUTO_INCREMENT=27 ;

INSERT INTO `script` (`id`, `scriptName`, `paramCount`) VALUES
(2, 'block_stair', 0),
(3, 'item_block', 2),
(4, 'block_wood', 0),
(5, 'block_lever', 0),
(7, 'block_torch', 0),
(8, 'block_door', 2),
(9, 'block_jackolantern', 0),
(10, 'block_note', 0),
(11, 'block_jukebox', 0),
(12, 'block_button', 0),
(13, 'block_falling', 2),
(14, 'item_frame', 0),
(15, 'item_painting', 0),
(16, 'block_quartz', 0),
(17, 'block_grass', 0),
(18, 'item_sign', 2),
(19, 'block_signwall', 0),
(20, 'block_signground', 0),
(21, 'block_redstonewire', 3),
(22, 'block_redstonepowered', 0),
(23, 'block_redstonetorchactive', 1),
(24, 'block_redstonetorchidle', 0),
(25, 'block_furnace', 1),
(26, 'window_furnace', 0);

CREATE TABLE IF NOT EXISTS `script_data` (
  `scriptId` int(11) NOT NULL,
  `stuffId` int(11) NOT NULL,
  `param` int(11) NOT NULL,
  `valueint` int(11) NOT NULL,
  `valuefloat` float NOT NULL,
  `valuestr` varchar(128) COLLATE utf8_bin NOT NULL,
  UNIQUE KEY `scriptId` (`scriptId`,`stuffId`,`param`)
) ENGINE=InnoDB DEFAULT CHARSET=utf8 COLLATE=utf8_bin;

INSERT INTO `script_data` (`scriptId`, `stuffId`, `param`, `valueint`, `valuefloat`, `valuestr`) VALUES
(3, 5, 1, 5, 0, ''),
(3, 5, 2, 1, 0, ''),
(3, 17, 1, 17, 0, ''),
(3, 17, 2, 1, 0, ''),
(3, 18, 1, 18, 0, ''),
(3, 18, 2, 1, 0, ''),
(3, 24, 1, 24, 0, ''),
(3, 24, 2, 1, 0, ''),
(3, 31, 1, 31, 0, ''),
(3, 31, 2, 1, 0, ''),
(3, 35, 1, 35, 0, ''),
(3, 35, 2, 1, 0, ''),
(3, 98, 1, 98, 0, ''),
(3, 98, 2, 1, 0, ''),
(3, 155, 1, 155, 0, ''),
(3, 155, 2, 1, 0, ''),
(3, 324, 1, 64, 0, ''),
(3, 324, 2, 0, 0, ''),
(3, 330, 1, 71, 0, ''),
(3, 330, 2, 0, 0, ''),
(3, 331, 1, 55, 0, ''),
(3, 331, 2, 0, 0, ''),
(8, 64, 1, 64, 0, ''),
(8, 64, 2, 0, 0, ''),
(8, 71, 1, 71, 0, ''),
(8, 71, 2, 1, 0, ''),
(13, 12, 1, 0, 0, '51'),
(13, 12, 2, 0, 0, '8;10'),
(13, 13, 1, 0, 0, '51'),
(13, 13, 2, 0, 0, '8,10'),
(17, 2, 1, 3, 0, ''),
(17, 2, 2, 2, 0, ''),
(17, 110, 1, 3, 0, ''),
(17, 110, 2, 110, 0, ''),
(18, 323, 1, 63, 0, ''),
(18, 323, 2, 68, 0, ''),
(21, 55, 1, 55, 0, ''),
(21, 55, 2, 94, 0, ''),
(21, 55, 3, 93, 0, ''),
(23, 76, 1, 75, 0, ''),
(24, 75, 1, 76, 0, ''),
(25, 61, 1, 2, 0, '');

CREATE TABLE IF NOT EXISTS `script_info` (
  `scriptId` int(11) NOT NULL,
  `name` varchar(128) COLLATE utf8_bin NOT NULL DEFAULT 'unk',
  `paramId` int(11) NOT NULL,
  `type` int(4) NOT NULL DEFAULT '0',
  UNIQUE KEY `scriptId` (`scriptId`,`paramId`)
) ENGINE=InnoDB DEFAULT CHARSET=utf8 COLLATE=utf8_bin;

INSERT INTO `script_info` (`scriptId`, `name`, `paramId`, `type`) VALUES
(3, 'blockid', 1, 1),
(3, 'UseMetadata', 2, 1),
(8, 'door_blockId', 1, 1),
(8, 'needRedstone', 2, 1),
(13, 'traversableBlockList', 1, 0),
(13, 'traversableMaterialList', 2, 0),
(17, 'blockDirtId', 1, 1),
(17, 'blockGrassId', 2, 1),
(18, 'groundBlockId', 1, 1),
(18, 'wallBlockId', 2, 1),
(21, 'redstoneWireBlockId', 1, 1),
(21, 'redstoneRepeaterActiveBlockId', 2, 1),
(21, 'redstoneRepeaterIdleBlockId', 3, 1),
(23, 'redstoneTorchIdleBlockId', 1, 1),
(24, 'redstoneTorchActiveBlockId', 1, 1),
(25, 'windowId', 1, 1);

CREATE TABLE IF NOT EXISTS `windows` (
  `id` int(11) NOT NULL AUTO_INCREMENT,
  `name` varchar(255) COLLATE utf8_bin NOT NULL,
  `maxSlot` int(11) NOT NULL,
  `script` int(11) NOT NULL,
  `clientWindowId` int(11) NOT NULL,
  PRIMARY KEY (`id`)
) ENGINE=InnoDB  DEFAULT CHARSET=utf8 COLLATE=utf8_bin AUTO_INCREMENT=3 ;

INSERT INTO `windows` (`id`, `name`, `maxSlot`, `script`, `clientWindowId`) VALUES
(0, 'Inventory', 45, 0, 0),
(1, 'Crafting', 46, 0, 1),
(2, 'Furnace', 39, 26, 2);


ALTER TABLE `block`
  ADD CONSTRAINT `block_ibfk_1` FOREIGN KEY (`soundId`) REFERENCES `blocksound` (`soundId`);
SET FOREIGN_KEY_CHECKS=1;
