ALTER TABLE  `block` ADD  `useNeighborBrightness` BOOLEAN NOT NULL DEFAULT  '0'
INSERT INTO `blocksound`(`soundId`,`name`,`volume`,`modifier`,`stepSound`,`placeSound`,`breakSound`)
    VALUES (1,'UNKNOW',1.0,1.0,'step.stone','dig.stone','dig.stone')
    ON DUPLICATE KEY UPDATE name='UNKNOW',volume=1.0,modifier=1.0,stepSound='step.stone',placeSound='dig.stone',breakSound='dig.stone';
INSERT INTO `material`(`materialId`,`name`,`canBurn`,`replacable`,`translucent`,`requiresNoTool`,`mobilityFlag`)
    VALUES (1,'UNKNOW',false,false,false,true,0)    ON DUPLICATE KEY UPDATE name='UNKNOW',canBurn=false,replacable=false,translucent=false,requiresNoTool=false,mobilityFlag=0;
INSERT INTO `block`(`blockId`,`name`,`lightOpacity`,`lightValue`,`blockResistance`,`blockHardness`,`needsRandomTick`,`slipperiness`,`isCollidable`,`isOpaqueCube`,`material`,`scriptId`,`soundId`,`minX`,`minY`,`minZ`,`maxX`,`maxY`,`maxZ`,`renderAsNormal`,`useNeighborBrightness`) 
    VALUES (1,'tile.stone',255,0,30.0,1.5,false,0.6,true,true,1,'',1,0.0,0.0,0.0,1.0,1.0,1.0,true,false) 
    ON DUPLICATE KEY UPDATE name='tile.stone',lightOpacity=255,lightValue=0,blockResistance=30.0,blockHardness=1.5,needsRandomTick=false,slipperiness=0.6,isCollidable=true,isOpaqueCube=true,material=1,soundId=1,minX=0.0,minY=0.0,minZ=0.0,maxX=1.0,maxY=1.0,maxZ=1.0,renderAsNormal=true,useNeighborBrightness=false;
INSERT INTO `blocksound`(`soundId`,`name`,`volume`,`modifier`,`stepSound`,`placeSound`,`breakSound`)
    VALUES (2,'UNKNOW',1.0,1.0,'step.grass','dig.grass','dig.grass')
    ON DUPLICATE KEY UPDATE name='UNKNOW',volume=1.0,modifier=1.0,stepSound='step.grass',placeSound='dig.grass',breakSound='dig.grass';
INSERT INTO `material`(`materialId`,`name`,`canBurn`,`replacable`,`translucent`,`requiresNoTool`,`mobilityFlag`)
    VALUES (2,'UNKNOW',false,false,false,false,0)    ON DUPLICATE KEY UPDATE name='UNKNOW',canBurn=false,replacable=false,translucent=false,requiresNoTool=true,mobilityFlag=0;
INSERT INTO `block`(`blockId`,`name`,`lightOpacity`,`lightValue`,`blockResistance`,`blockHardness`,`needsRandomTick`,`slipperiness`,`isCollidable`,`isOpaqueCube`,`material`,`scriptId`,`soundId`,`minX`,`minY`,`minZ`,`maxX`,`maxY`,`maxZ`,`renderAsNormal`,`useNeighborBrightness`) 
    VALUES (2,'tile.grass',255,0,3.0,0.6,true,0.6,true,true,2,'',2,0.0,0.0,0.0,1.0,1.0,1.0,true,false) 
    ON DUPLICATE KEY UPDATE name='tile.grass',lightOpacity=255,lightValue=0,blockResistance=3.0,blockHardness=0.6,needsRandomTick=true,slipperiness=0.6,isCollidable=true,isOpaqueCube=true,material=2,soundId=2,minX=0.0,minY=0.0,minZ=0.0,maxX=1.0,maxY=1.0,maxZ=1.0,renderAsNormal=true,useNeighborBrightness=false;
INSERT INTO `blocksound`(`soundId`,`name`,`volume`,`modifier`,`stepSound`,`placeSound`,`breakSound`)
    VALUES (3,'UNKNOW',1.0,1.0,'step.gravel','dig.gravel','dig.gravel')
    ON DUPLICATE KEY UPDATE name='UNKNOW',volume=1.0,modifier=1.0,stepSound='step.gravel',placeSound='dig.gravel',breakSound='dig.gravel';
INSERT INTO `material`(`materialId`,`name`,`canBurn`,`replacable`,`translucent`,`requiresNoTool`,`mobilityFlag`)
    VALUES (3,'UNKNOW',false,false,false,false,0)    ON DUPLICATE KEY UPDATE name='UNKNOW',canBurn=false,replacable=false,translucent=false,requiresNoTool=true,mobilityFlag=0;
INSERT INTO `block`(`blockId`,`name`,`lightOpacity`,`lightValue`,`blockResistance`,`blockHardness`,`needsRandomTick`,`slipperiness`,`isCollidable`,`isOpaqueCube`,`material`,`scriptId`,`soundId`,`minX`,`minY`,`minZ`,`maxX`,`maxY`,`maxZ`,`renderAsNormal`,`useNeighborBrightness`) 
    VALUES (3,'tile.dirt',255,0,2.5,0.5,false,0.6,true,true,3,'',3,0.0,0.0,0.0,1.0,1.0,1.0,true,false) 
    ON DUPLICATE KEY UPDATE name='tile.dirt',lightOpacity=255,lightValue=0,blockResistance=2.5,blockHardness=0.5,needsRandomTick=false,slipperiness=0.6,isCollidable=true,isOpaqueCube=true,material=3,soundId=3,minX=0.0,minY=0.0,minZ=0.0,maxX=1.0,maxY=1.0,maxZ=1.0,renderAsNormal=true,useNeighborBrightness=false;
INSERT INTO `block`(`blockId`,`name`,`lightOpacity`,`lightValue`,`blockResistance`,`blockHardness`,`needsRandomTick`,`slipperiness`,`isCollidable`,`isOpaqueCube`,`material`,`scriptId`,`soundId`,`minX`,`minY`,`minZ`,`maxX`,`maxY`,`maxZ`,`renderAsNormal`,`useNeighborBrightness`) 
    VALUES (4,'tile.stonebrick',255,0,30.0,2.0,false,0.6,true,true,1,'',1,0.0,0.0,0.0,1.0,1.0,1.0,true,false) 
    ON DUPLICATE KEY UPDATE name='tile.stonebrick',lightOpacity=255,lightValue=0,blockResistance=30.0,blockHardness=2.0,needsRandomTick=false,slipperiness=0.6,isCollidable=true,isOpaqueCube=true,material=1,soundId=1,minX=0.0,minY=0.0,minZ=0.0,maxX=1.0,maxY=1.0,maxZ=1.0,renderAsNormal=true,useNeighborBrightness=false;
INSERT INTO `blocksound`(`soundId`,`name`,`volume`,`modifier`,`stepSound`,`placeSound`,`breakSound`)
    VALUES (4,'UNKNOW',1.0,1.0,'step.wood','dig.wood','dig.wood')
    ON DUPLICATE KEY UPDATE name='UNKNOW',volume=1.0,modifier=1.0,stepSound='step.wood',placeSound='dig.wood',breakSound='dig.wood';
INSERT INTO `material`(`materialId`,`name`,`canBurn`,`replacable`,`translucent`,`requiresNoTool`,`mobilityFlag`)
    VALUES (4,'UNKNOW',true,false,false,false,0)    ON DUPLICATE KEY UPDATE name='UNKNOW',canBurn=true,replacable=false,translucent=false,requiresNoTool=true,mobilityFlag=0;
INSERT INTO `block`(`blockId`,`name`,`lightOpacity`,`lightValue`,`blockResistance`,`blockHardness`,`needsRandomTick`,`slipperiness`,`isCollidable`,`isOpaqueCube`,`material`,`scriptId`,`soundId`,`minX`,`minY`,`minZ`,`maxX`,`maxY`,`maxZ`,`renderAsNormal`,`useNeighborBrightness`) 
    VALUES (5,'tile.wood',255,0,15.0,2.0,false,0.6,true,true,4,'',4,0.0,0.0,0.0,1.0,1.0,1.0,true,false) 
    ON DUPLICATE KEY UPDATE name='tile.wood',lightOpacity=255,lightValue=0,blockResistance=15.0,blockHardness=2.0,needsRandomTick=false,slipperiness=0.6,isCollidable=true,isOpaqueCube=true,material=4,soundId=4,minX=0.0,minY=0.0,minZ=0.0,maxX=1.0,maxY=1.0,maxZ=1.0,renderAsNormal=true,useNeighborBrightness=false;
INSERT INTO `material`(`materialId`,`name`,`canBurn`,`replacable`,`translucent`,`requiresNoTool`,`mobilityFlag`)
    VALUES (5,'UNKNOW',false,false,true,false,1)    ON DUPLICATE KEY UPDATE name='UNKNOW',canBurn=false,replacable=false,translucent=true,requiresNoTool=true,mobilityFlag=1;
INSERT INTO `block`(`blockId`,`name`,`lightOpacity`,`lightValue`,`blockResistance`,`blockHardness`,`needsRandomTick`,`slipperiness`,`isCollidable`,`isOpaqueCube`,`material`,`scriptId`,`soundId`,`minX`,`minY`,`minZ`,`maxX`,`maxY`,`maxZ`,`renderAsNormal`,`useNeighborBrightness`) 
    VALUES (6,'tile.sapling',0,0,0.0,0.0,true,0.6,true,false,5,'',2,0.09999999403953552,0.0,0.09999999403953552,0.8999999761581421,0.800000011920929,0.8999999761581421,false,true) 
    ON DUPLICATE KEY UPDATE name='tile.sapling',lightOpacity=0,lightValue=0,blockResistance=0.0,blockHardness=0.0,needsRandomTick=true,slipperiness=0.6,isCollidable=true,isOpaqueCube=false,material=5,soundId=2,minX=0.09999999403953552,minY=0.0,minZ=0.09999999403953552,maxX=0.8999999761581421,maxY=0.800000011920929,maxZ=0.8999999761581421,renderAsNormal=false,useNeighborBrightness=true;
INSERT INTO `block`(`blockId`,`name`,`lightOpacity`,`lightValue`,`blockResistance`,`blockHardness`,`needsRandomTick`,`slipperiness`,`isCollidable`,`isOpaqueCube`,`material`,`scriptId`,`soundId`,`minX`,`minY`,`minZ`,`maxX`,`maxY`,`maxZ`,`renderAsNormal`,`useNeighborBrightness`) 
    VALUES (7,'tile.bedrock',255,0,1.8E7,-1.0,false,0.6,true,true,1,'',1,0.0,0.0,0.0,1.0,1.0,1.0,true,false) 
    ON DUPLICATE KEY UPDATE name='tile.bedrock',lightOpacity=255,lightValue=0,blockResistance=1.8E7,blockHardness=-1.0,needsRandomTick=false,slipperiness=0.6,isCollidable=true,isOpaqueCube=true,material=1,soundId=1,minX=0.0,minY=0.0,minZ=0.0,maxX=1.0,maxY=1.0,maxZ=1.0,renderAsNormal=true,useNeighborBrightness=false;
INSERT INTO `blocksound`(`soundId`,`name`,`volume`,`modifier`,`stepSound`,`placeSound`,`breakSound`)
    VALUES (5,'UNKNOW',1.0,1.0,'step.stone','dig.stone','dig.stone')
    ON DUPLICATE KEY UPDATE name='UNKNOW',volume=1.0,modifier=1.0,stepSound='step.stone',placeSound='dig.stone',breakSound='dig.stone';
INSERT INTO `material`(`materialId`,`name`,`canBurn`,`replacable`,`translucent`,`requiresNoTool`,`mobilityFlag`)
    VALUES (6,'UNKNOW',false,true,true,false,1)    ON DUPLICATE KEY UPDATE name='UNKNOW',canBurn=false,replacable=true,translucent=true,requiresNoTool=true,mobilityFlag=1;
INSERT INTO `block`(`blockId`,`name`,`lightOpacity`,`lightValue`,`blockResistance`,`blockHardness`,`needsRandomTick`,`slipperiness`,`isCollidable`,`isOpaqueCube`,`material`,`scriptId`,`soundId`,`minX`,`minY`,`minZ`,`maxX`,`maxY`,`maxZ`,`renderAsNormal`,`useNeighborBrightness`) 
    VALUES (8,'tile.water',3,0,500.0,100.0,true,0.6,true,false,6,'',5,0.0,0.0,0.0,1.0,1.0,1.0,false,false) 
    ON DUPLICATE KEY UPDATE name='tile.water',lightOpacity=3,lightValue=0,blockResistance=500.0,blockHardness=100.0,needsRandomTick=true,slipperiness=0.6,isCollidable=true,isOpaqueCube=false,material=6,soundId=5,minX=0.0,minY=0.0,minZ=0.0,maxX=1.0,maxY=1.0,maxZ=1.0,renderAsNormal=false,useNeighborBrightness=false;
INSERT INTO `block`(`blockId`,`name`,`lightOpacity`,`lightValue`,`blockResistance`,`blockHardness`,`needsRandomTick`,`slipperiness`,`isCollidable`,`isOpaqueCube`,`material`,`scriptId`,`soundId`,`minX`,`minY`,`minZ`,`maxX`,`maxY`,`maxZ`,`renderAsNormal`,`useNeighborBrightness`) 
    VALUES (9,'tile.water',3,0,500.0,100.0,false,0.6,true,false,6,'',5,0.0,0.0,0.0,1.0,1.0,1.0,false,false) 
    ON DUPLICATE KEY UPDATE name='tile.water',lightOpacity=3,lightValue=0,blockResistance=500.0,blockHardness=100.0,needsRandomTick=false,slipperiness=0.6,isCollidable=true,isOpaqueCube=false,material=6,soundId=5,minX=0.0,minY=0.0,minZ=0.0,maxX=1.0,maxY=1.0,maxZ=1.0,renderAsNormal=false,useNeighborBrightness=false;
INSERT INTO `material`(`materialId`,`name`,`canBurn`,`replacable`,`translucent`,`requiresNoTool`,`mobilityFlag`)
    VALUES (7,'UNKNOW',false,true,true,false,1)    ON DUPLICATE KEY UPDATE name='UNKNOW',canBurn=false,replacable=true,translucent=true,requiresNoTool=true,mobilityFlag=1;
INSERT INTO `block`(`blockId`,`name`,`lightOpacity`,`lightValue`,`blockResistance`,`blockHardness`,`needsRandomTick`,`slipperiness`,`isCollidable`,`isOpaqueCube`,`material`,`scriptId`,`soundId`,`minX`,`minY`,`minZ`,`maxX`,`maxY`,`maxZ`,`renderAsNormal`,`useNeighborBrightness`) 
    VALUES (10,'tile.lava',0,15,0.0,0.0,true,0.6,true,false,7,'',5,0.0,0.0,0.0,1.0,1.0,1.0,false,true) 
    ON DUPLICATE KEY UPDATE name='tile.lava',lightOpacity=0,lightValue=15,blockResistance=0.0,blockHardness=0.0,needsRandomTick=true,slipperiness=0.6,isCollidable=true,isOpaqueCube=false,material=7,soundId=5,minX=0.0,minY=0.0,minZ=0.0,maxX=1.0,maxY=1.0,maxZ=1.0,renderAsNormal=false,useNeighborBrightness=true;
INSERT INTO `block`(`blockId`,`name`,`lightOpacity`,`lightValue`,`blockResistance`,`blockHardness`,`needsRandomTick`,`slipperiness`,`isCollidable`,`isOpaqueCube`,`material`,`scriptId`,`soundId`,`minX`,`minY`,`minZ`,`maxX`,`maxY`,`maxZ`,`renderAsNormal`,`useNeighborBrightness`) 
    VALUES (11,'tile.lava',0,15,500.0,100.0,true,0.6,true,false,7,'',5,0.0,0.0,0.0,1.0,1.0,1.0,false,true) 
    ON DUPLICATE KEY UPDATE name='tile.lava',lightOpacity=0,lightValue=15,blockResistance=500.0,blockHardness=100.0,needsRandomTick=true,slipperiness=0.6,isCollidable=true,isOpaqueCube=false,material=7,soundId=5,minX=0.0,minY=0.0,minZ=0.0,maxX=1.0,maxY=1.0,maxZ=1.0,renderAsNormal=false,useNeighborBrightness=true;
INSERT INTO `blocksound`(`soundId`,`name`,`volume`,`modifier`,`stepSound`,`placeSound`,`breakSound`)
    VALUES (6,'UNKNOW',1.0,1.0,'step.sand','dig.sand','dig.sand')
    ON DUPLICATE KEY UPDATE name='UNKNOW',volume=1.0,modifier=1.0,stepSound='step.sand',placeSound='dig.sand',breakSound='dig.sand';
INSERT INTO `material`(`materialId`,`name`,`canBurn`,`replacable`,`translucent`,`requiresNoTool`,`mobilityFlag`)
    VALUES (8,'UNKNOW',false,false,false,false,0)    ON DUPLICATE KEY UPDATE name='UNKNOW',canBurn=false,replacable=false,translucent=false,requiresNoTool=true,mobilityFlag=0;
INSERT INTO `block`(`blockId`,`name`,`lightOpacity`,`lightValue`,`blockResistance`,`blockHardness`,`needsRandomTick`,`slipperiness`,`isCollidable`,`isOpaqueCube`,`material`,`scriptId`,`soundId`,`minX`,`minY`,`minZ`,`maxX`,`maxY`,`maxZ`,`renderAsNormal`,`useNeighborBrightness`) 
    VALUES (12,'tile.sand',255,0,2.5,0.5,false,0.6,true,true,8,'',6,0.0,0.0,0.0,1.0,1.0,1.0,true,false) 
    ON DUPLICATE KEY UPDATE name='tile.sand',lightOpacity=255,lightValue=0,blockResistance=2.5,blockHardness=0.5,needsRandomTick=false,slipperiness=0.6,isCollidable=true,isOpaqueCube=true,material=8,soundId=6,minX=0.0,minY=0.0,minZ=0.0,maxX=1.0,maxY=1.0,maxZ=1.0,renderAsNormal=true,useNeighborBrightness=false;
INSERT INTO `block`(`blockId`,`name`,`lightOpacity`,`lightValue`,`blockResistance`,`blockHardness`,`needsRandomTick`,`slipperiness`,`isCollidable`,`isOpaqueCube`,`material`,`scriptId`,`soundId`,`minX`,`minY`,`minZ`,`maxX`,`maxY`,`maxZ`,`renderAsNormal`,`useNeighborBrightness`) 
    VALUES (13,'tile.gravel',255,0,3.0,0.6,false,0.6,true,true,8,'',3,0.0,0.0,0.0,1.0,1.0,1.0,true,false) 
    ON DUPLICATE KEY UPDATE name='tile.gravel',lightOpacity=255,lightValue=0,blockResistance=3.0,blockHardness=0.6,needsRandomTick=false,slipperiness=0.6,isCollidable=true,isOpaqueCube=true,material=8,soundId=3,minX=0.0,minY=0.0,minZ=0.0,maxX=1.0,maxY=1.0,maxZ=1.0,renderAsNormal=true,useNeighborBrightness=false;
INSERT INTO `block`(`blockId`,`name`,`lightOpacity`,`lightValue`,`blockResistance`,`blockHardness`,`needsRandomTick`,`slipperiness`,`isCollidable`,`isOpaqueCube`,`material`,`scriptId`,`soundId`,`minX`,`minY`,`minZ`,`maxX`,`maxY`,`maxZ`,`renderAsNormal`,`useNeighborBrightness`) 
    VALUES (14,'tile.oreGold',255,0,15.0,3.0,false,0.6,true,true,1,'',1,0.0,0.0,0.0,1.0,1.0,1.0,true,false) 
    ON DUPLICATE KEY UPDATE name='tile.oreGold',lightOpacity=255,lightValue=0,blockResistance=15.0,blockHardness=3.0,needsRandomTick=false,slipperiness=0.6,isCollidable=true,isOpaqueCube=true,material=1,soundId=1,minX=0.0,minY=0.0,minZ=0.0,maxX=1.0,maxY=1.0,maxZ=1.0,renderAsNormal=true,useNeighborBrightness=false;
INSERT INTO `block`(`blockId`,`name`,`lightOpacity`,`lightValue`,`blockResistance`,`blockHardness`,`needsRandomTick`,`slipperiness`,`isCollidable`,`isOpaqueCube`,`material`,`scriptId`,`soundId`,`minX`,`minY`,`minZ`,`maxX`,`maxY`,`maxZ`,`renderAsNormal`,`useNeighborBrightness`) 
    VALUES (15,'tile.oreIron',255,0,15.0,3.0,false,0.6,true,true,1,'',1,0.0,0.0,0.0,1.0,1.0,1.0,true,false) 
    ON DUPLICATE KEY UPDATE name='tile.oreIron',lightOpacity=255,lightValue=0,blockResistance=15.0,blockHardness=3.0,needsRandomTick=false,slipperiness=0.6,isCollidable=true,isOpaqueCube=true,material=1,soundId=1,minX=0.0,minY=0.0,minZ=0.0,maxX=1.0,maxY=1.0,maxZ=1.0,renderAsNormal=true,useNeighborBrightness=false;
INSERT INTO `block`(`blockId`,`name`,`lightOpacity`,`lightValue`,`blockResistance`,`blockHardness`,`needsRandomTick`,`slipperiness`,`isCollidable`,`isOpaqueCube`,`material`,`scriptId`,`soundId`,`minX`,`minY`,`minZ`,`maxX`,`maxY`,`maxZ`,`renderAsNormal`,`useNeighborBrightness`) 
    VALUES (16,'tile.oreCoal',255,0,15.0,3.0,false,0.6,true,true,1,'',1,0.0,0.0,0.0,1.0,1.0,1.0,true,false) 
    ON DUPLICATE KEY UPDATE name='tile.oreCoal',lightOpacity=255,lightValue=0,blockResistance=15.0,blockHardness=3.0,needsRandomTick=false,slipperiness=0.6,isCollidable=true,isOpaqueCube=true,material=1,soundId=1,minX=0.0,minY=0.0,minZ=0.0,maxX=1.0,maxY=1.0,maxZ=1.0,renderAsNormal=true,useNeighborBrightness=false;
INSERT INTO `block`(`blockId`,`name`,`lightOpacity`,`lightValue`,`blockResistance`,`blockHardness`,`needsRandomTick`,`slipperiness`,`isCollidable`,`isOpaqueCube`,`material`,`scriptId`,`soundId`,`minX`,`minY`,`minZ`,`maxX`,`maxY`,`maxZ`,`renderAsNormal`,`useNeighborBrightness`) 
    VALUES (17,'tile.log',255,0,10.0,2.0,false,0.6,true,true,4,'',4,0.0,0.0,0.0,1.0,1.0,1.0,true,false) 
    ON DUPLICATE KEY UPDATE name='tile.log',lightOpacity=255,lightValue=0,blockResistance=10.0,blockHardness=2.0,needsRandomTick=false,slipperiness=0.6,isCollidable=true,isOpaqueCube=true,material=4,soundId=4,minX=0.0,minY=0.0,minZ=0.0,maxX=1.0,maxY=1.0,maxZ=1.0,renderAsNormal=true,useNeighborBrightness=false;
INSERT INTO `material`(`materialId`,`name`,`canBurn`,`replacable`,`translucent`,`requiresNoTool`,`mobilityFlag`)
    VALUES (9,'UNKNOW',true,false,true,false,1)    ON DUPLICATE KEY UPDATE name='UNKNOW',canBurn=true,replacable=false,translucent=true,requiresNoTool=true,mobilityFlag=1;
INSERT INTO `block`(`blockId`,`name`,`lightOpacity`,`lightValue`,`blockResistance`,`blockHardness`,`needsRandomTick`,`slipperiness`,`isCollidable`,`isOpaqueCube`,`material`,`scriptId`,`soundId`,`minX`,`minY`,`minZ`,`maxX`,`maxY`,`maxZ`,`renderAsNormal`,`useNeighborBrightness`) 
    VALUES (18,'tile.leaves',1,0,1.0,0.2,true,0.6,true,true,9,'',2,0.0,0.0,0.0,1.0,1.0,1.0,true,false) 
    ON DUPLICATE KEY UPDATE name='tile.leaves',lightOpacity=1,lightValue=0,blockResistance=1.0,blockHardness=0.2,needsRandomTick=true,slipperiness=0.6,isCollidable=true,isOpaqueCube=true,material=9,soundId=2,minX=0.0,minY=0.0,minZ=0.0,maxX=1.0,maxY=1.0,maxZ=1.0,renderAsNormal=true,useNeighborBrightness=false;
INSERT INTO `material`(`materialId`,`name`,`canBurn`,`replacable`,`translucent`,`requiresNoTool`,`mobilityFlag`)
    VALUES (10,'UNKNOW',false,false,false,false,0)    ON DUPLICATE KEY UPDATE name='UNKNOW',canBurn=false,replacable=false,translucent=false,requiresNoTool=true,mobilityFlag=0;
INSERT INTO `block`(`blockId`,`name`,`lightOpacity`,`lightValue`,`blockResistance`,`blockHardness`,`needsRandomTick`,`slipperiness`,`isCollidable`,`isOpaqueCube`,`material`,`scriptId`,`soundId`,`minX`,`minY`,`minZ`,`maxX`,`maxY`,`maxZ`,`renderAsNormal`,`useNeighborBrightness`) 
    VALUES (19,'tile.sponge',255,0,3.0,0.6,false,0.6,true,true,10,'',2,0.0,0.0,0.0,1.0,1.0,1.0,true,false) 
    ON DUPLICATE KEY UPDATE name='tile.sponge',lightOpacity=255,lightValue=0,blockResistance=3.0,blockHardness=0.6,needsRandomTick=false,slipperiness=0.6,isCollidable=true,isOpaqueCube=true,material=10,soundId=2,minX=0.0,minY=0.0,minZ=0.0,maxX=1.0,maxY=1.0,maxZ=1.0,renderAsNormal=true,useNeighborBrightness=false;
INSERT INTO `blocksound`(`soundId`,`name`,`volume`,`modifier`,`stepSound`,`placeSound`,`breakSound`)
    VALUES (7,'UNKNOW',1.0,1.0,'step.stone','step.stone','random.glass')
    ON DUPLICATE KEY UPDATE name='UNKNOW',volume=1.0,modifier=1.0,stepSound='step.stone',placeSound='step.stone',breakSound='random.glass';
INSERT INTO `material`(`materialId`,`name`,`canBurn`,`replacable`,`translucent`,`requiresNoTool`,`mobilityFlag`)
    VALUES (11,'UNKNOW',false,false,true,false,0)    ON DUPLICATE KEY UPDATE name='UNKNOW',canBurn=false,replacable=false,translucent=true,requiresNoTool=true,mobilityFlag=0;
INSERT INTO `block`(`blockId`,`name`,`lightOpacity`,`lightValue`,`blockResistance`,`blockHardness`,`needsRandomTick`,`slipperiness`,`isCollidable`,`isOpaqueCube`,`material`,`scriptId`,`soundId`,`minX`,`minY`,`minZ`,`maxX`,`maxY`,`maxZ`,`renderAsNormal`,`useNeighborBrightness`) 
    VALUES (20,'tile.glass',0,0,1.5,0.3,false,0.6,true,false,11,'',7,0.0,0.0,0.0,1.0,1.0,1.0,false,true) 
    ON DUPLICATE KEY UPDATE name='tile.glass',lightOpacity=0,lightValue=0,blockResistance=1.5,blockHardness=0.3,needsRandomTick=false,slipperiness=0.6,isCollidable=true,isOpaqueCube=false,material=11,soundId=7,minX=0.0,minY=0.0,minZ=0.0,maxX=1.0,maxY=1.0,maxZ=1.0,renderAsNormal=false,useNeighborBrightness=true;
INSERT INTO `block`(`blockId`,`name`,`lightOpacity`,`lightValue`,`blockResistance`,`blockHardness`,`needsRandomTick`,`slipperiness`,`isCollidable`,`isOpaqueCube`,`material`,`scriptId`,`soundId`,`minX`,`minY`,`minZ`,`maxX`,`maxY`,`maxZ`,`renderAsNormal`,`useNeighborBrightness`) 
    VALUES (21,'tile.oreLapis',255,0,15.0,3.0,false,0.6,true,true,1,'',1,0.0,0.0,0.0,1.0,1.0,1.0,true,false) 
    ON DUPLICATE KEY UPDATE name='tile.oreLapis',lightOpacity=255,lightValue=0,blockResistance=15.0,blockHardness=3.0,needsRandomTick=false,slipperiness=0.6,isCollidable=true,isOpaqueCube=true,material=1,soundId=1,minX=0.0,minY=0.0,minZ=0.0,maxX=1.0,maxY=1.0,maxZ=1.0,renderAsNormal=true,useNeighborBrightness=false;
INSERT INTO `block`(`blockId`,`name`,`lightOpacity`,`lightValue`,`blockResistance`,`blockHardness`,`needsRandomTick`,`slipperiness`,`isCollidable`,`isOpaqueCube`,`material`,`scriptId`,`soundId`,`minX`,`minY`,`minZ`,`maxX`,`maxY`,`maxZ`,`renderAsNormal`,`useNeighborBrightness`) 
    VALUES (22,'tile.blockLapis',255,0,15.0,3.0,false,0.6,true,true,1,'',1,0.0,0.0,0.0,1.0,1.0,1.0,true,false) 
    ON DUPLICATE KEY UPDATE name='tile.blockLapis',lightOpacity=255,lightValue=0,blockResistance=15.0,blockHardness=3.0,needsRandomTick=false,slipperiness=0.6,isCollidable=true,isOpaqueCube=true,material=1,soundId=1,minX=0.0,minY=0.0,minZ=0.0,maxX=1.0,maxY=1.0,maxZ=1.0,renderAsNormal=true,useNeighborBrightness=false;
INSERT INTO `block`(`blockId`,`name`,`lightOpacity`,`lightValue`,`blockResistance`,`blockHardness`,`needsRandomTick`,`slipperiness`,`isCollidable`,`isOpaqueCube`,`material`,`scriptId`,`soundId`,`minX`,`minY`,`minZ`,`maxX`,`maxY`,`maxZ`,`renderAsNormal`,`useNeighborBrightness`) 
    VALUES (23,'tile.dispenser',255,0,17.5,3.5,false,0.6,true,true,1,'',1,0.0,0.0,0.0,1.0,1.0,1.0,true,false) 
    ON DUPLICATE KEY UPDATE name='tile.dispenser',lightOpacity=255,lightValue=0,blockResistance=17.5,blockHardness=3.5,needsRandomTick=false,slipperiness=0.6,isCollidable=true,isOpaqueCube=true,material=1,soundId=1,minX=0.0,minY=0.0,minZ=0.0,maxX=1.0,maxY=1.0,maxZ=1.0,renderAsNormal=true,useNeighborBrightness=false;
INSERT INTO `block`(`blockId`,`name`,`lightOpacity`,`lightValue`,`blockResistance`,`blockHardness`,`needsRandomTick`,`slipperiness`,`isCollidable`,`isOpaqueCube`,`material`,`scriptId`,`soundId`,`minX`,`minY`,`minZ`,`maxX`,`maxY`,`maxZ`,`renderAsNormal`,`useNeighborBrightness`) 
    VALUES (24,'tile.sandStone',255,0,4.0,0.8,false,0.6,true,true,1,'',1,0.0,0.0,0.0,1.0,1.0,1.0,true,false) 
    ON DUPLICATE KEY UPDATE name='tile.sandStone',lightOpacity=255,lightValue=0,blockResistance=4.0,blockHardness=0.8,needsRandomTick=false,slipperiness=0.6,isCollidable=true,isOpaqueCube=true,material=1,soundId=1,minX=0.0,minY=0.0,minZ=0.0,maxX=1.0,maxY=1.0,maxZ=1.0,renderAsNormal=true,useNeighborBrightness=false;
INSERT INTO `block`(`blockId`,`name`,`lightOpacity`,`lightValue`,`blockResistance`,`blockHardness`,`needsRandomTick`,`slipperiness`,`isCollidable`,`isOpaqueCube`,`material`,`scriptId`,`soundId`,`minX`,`minY`,`minZ`,`maxX`,`maxY`,`maxZ`,`renderAsNormal`,`useNeighborBrightness`) 
    VALUES (25,'tile.musicBlock',255,0,4.0,0.8,false,0.6,true,true,4,'',5,0.0,0.0,0.0,1.0,1.0,1.0,true,false) 
    ON DUPLICATE KEY UPDATE name='tile.musicBlock',lightOpacity=255,lightValue=0,blockResistance=4.0,blockHardness=0.8,needsRandomTick=false,slipperiness=0.6,isCollidable=true,isOpaqueCube=true,material=4,soundId=5,minX=0.0,minY=0.0,minZ=0.0,maxX=1.0,maxY=1.0,maxZ=1.0,renderAsNormal=true,useNeighborBrightness=false;
INSERT INTO `material`(`materialId`,`name`,`canBurn`,`replacable`,`translucent`,`requiresNoTool`,`mobilityFlag`)
    VALUES (12,'UNKNOW',true,false,false,false,0)    ON DUPLICATE KEY UPDATE name='UNKNOW',canBurn=true,replacable=false,translucent=false,requiresNoTool=true,mobilityFlag=0;
INSERT INTO `block`(`blockId`,`name`,`lightOpacity`,`lightValue`,`blockResistance`,`blockHardness`,`needsRandomTick`,`slipperiness`,`isCollidable`,`isOpaqueCube`,`material`,`scriptId`,`soundId`,`minX`,`minY`,`minZ`,`maxX`,`maxY`,`maxZ`,`renderAsNormal`,`useNeighborBrightness`) 
    VALUES (26,'tile.bed',0,0,1.0,0.2,false,0.6,true,false,12,'',5,0.0,0.0,0.0,1.0,0.5625,1.0,false,true) 
    ON DUPLICATE KEY UPDATE name='tile.bed',lightOpacity=0,lightValue=0,blockResistance=1.0,blockHardness=0.2,needsRandomTick=false,slipperiness=0.6,isCollidable=true,isOpaqueCube=false,material=12,soundId=5,minX=0.0,minY=0.0,minZ=0.0,maxX=1.0,maxY=0.5625,maxZ=1.0,renderAsNormal=false,useNeighborBrightness=true;
INSERT INTO `blocksound`(`soundId`,`name`,`volume`,`modifier`,`stepSound`,`placeSound`,`breakSound`)
    VALUES (8,'UNKNOW',1.0,1.5,'step.stone','dig.stone','dig.stone')
    ON DUPLICATE KEY UPDATE name='UNKNOW',volume=1.0,modifier=1.5,stepSound='step.stone',placeSound='dig.stone',breakSound='dig.stone';
INSERT INTO `material`(`materialId`,`name`,`canBurn`,`replacable`,`translucent`,`requiresNoTool`,`mobilityFlag`)
    VALUES (13,'UNKNOW',false,false,true,false,1)    ON DUPLICATE KEY UPDATE name='UNKNOW',canBurn=false,replacable=false,translucent=true,requiresNoTool=true,mobilityFlag=1;
INSERT INTO `block`(`blockId`,`name`,`lightOpacity`,`lightValue`,`blockResistance`,`blockHardness`,`needsRandomTick`,`slipperiness`,`isCollidable`,`isOpaqueCube`,`material`,`scriptId`,`soundId`,`minX`,`minY`,`minZ`,`maxX`,`maxY`,`maxZ`,`renderAsNormal`,`useNeighborBrightness`) 
    VALUES (27,'tile.goldenRail',0,0,3.5,0.7,false,0.6,true,false,13,'',8,0.0,0.0,0.0,1.0,0.125,1.0,false,true) 
    ON DUPLICATE KEY UPDATE name='tile.goldenRail',lightOpacity=0,lightValue=0,blockResistance=3.5,blockHardness=0.7,needsRandomTick=false,slipperiness=0.6,isCollidable=true,isOpaqueCube=false,material=13,soundId=8,minX=0.0,minY=0.0,minZ=0.0,maxX=1.0,maxY=0.125,maxZ=1.0,renderAsNormal=false,useNeighborBrightness=true;
INSERT INTO `block`(`blockId`,`name`,`lightOpacity`,`lightValue`,`blockResistance`,`blockHardness`,`needsRandomTick`,`slipperiness`,`isCollidable`,`isOpaqueCube`,`material`,`scriptId`,`soundId`,`minX`,`minY`,`minZ`,`maxX`,`maxY`,`maxZ`,`renderAsNormal`,`useNeighborBrightness`) 
    VALUES (28,'tile.detectorRail',0,0,3.5,0.7,true,0.6,true,false,13,'',8,0.0,0.0,0.0,1.0,0.125,1.0,false,true) 
    ON DUPLICATE KEY UPDATE name='tile.detectorRail',lightOpacity=0,lightValue=0,blockResistance=3.5,blockHardness=0.7,needsRandomTick=true,slipperiness=0.6,isCollidable=true,isOpaqueCube=false,material=13,soundId=8,minX=0.0,minY=0.0,minZ=0.0,maxX=1.0,maxY=0.125,maxZ=1.0,renderAsNormal=false,useNeighborBrightness=true;
INSERT INTO `material`(`materialId`,`name`,`canBurn`,`replacable`,`translucent`,`requiresNoTool`,`mobilityFlag`)
    VALUES (14,'UNKNOW',false,false,false,false,2)    ON DUPLICATE KEY UPDATE name='UNKNOW',canBurn=false,replacable=false,translucent=false,requiresNoTool=true,mobilityFlag=2;
INSERT INTO `block`(`blockId`,`name`,`lightOpacity`,`lightValue`,`blockResistance`,`blockHardness`,`needsRandomTick`,`slipperiness`,`isCollidable`,`isOpaqueCube`,`material`,`scriptId`,`soundId`,`minX`,`minY`,`minZ`,`maxX`,`maxY`,`maxZ`,`renderAsNormal`,`useNeighborBrightness`) 
    VALUES (29,'tile.pistonStickyBase',0,0,2.5,0.5,false,0.6,true,false,14,'',1,0.0,0.0,0.0,1.0,1.0,1.0,false,true) 
    ON DUPLICATE KEY UPDATE name='tile.pistonStickyBase',lightOpacity=0,lightValue=0,blockResistance=2.5,blockHardness=0.5,needsRandomTick=false,slipperiness=0.6,isCollidable=true,isOpaqueCube=false,material=14,soundId=1,minX=0.0,minY=0.0,minZ=0.0,maxX=1.0,maxY=1.0,maxZ=1.0,renderAsNormal=false,useNeighborBrightness=true;
INSERT INTO `material`(`materialId`,`name`,`canBurn`,`replacable`,`translucent`,`requiresNoTool`,`mobilityFlag`)
    VALUES (15,'UNKNOW',false,false,true,true,1)    ON DUPLICATE KEY UPDATE name='UNKNOW',canBurn=false,replacable=false,translucent=true,requiresNoTool=false,mobilityFlag=1;
INSERT INTO `block`(`blockId`,`name`,`lightOpacity`,`lightValue`,`blockResistance`,`blockHardness`,`needsRandomTick`,`slipperiness`,`isCollidable`,`isOpaqueCube`,`material`,`scriptId`,`soundId`,`minX`,`minY`,`minZ`,`maxX`,`maxY`,`maxZ`,`renderAsNormal`,`useNeighborBrightness`) 
    VALUES (30,'tile.web',1,0,20.0,4.0,false,0.6,true,false,15,'',5,0.0,0.0,0.0,1.0,1.0,1.0,false,false) 
    ON DUPLICATE KEY UPDATE name='tile.web',lightOpacity=1,lightValue=0,blockResistance=20.0,blockHardness=4.0,needsRandomTick=false,slipperiness=0.6,isCollidable=true,isOpaqueCube=false,material=15,soundId=5,minX=0.0,minY=0.0,minZ=0.0,maxX=1.0,maxY=1.0,maxZ=1.0,renderAsNormal=false,useNeighborBrightness=false;
INSERT INTO `material`(`materialId`,`name`,`canBurn`,`replacable`,`translucent`,`requiresNoTool`,`mobilityFlag`)
    VALUES (16,'UNKNOW',true,true,true,false,1)    ON DUPLICATE KEY UPDATE name='UNKNOW',canBurn=true,replacable=true,translucent=true,requiresNoTool=true,mobilityFlag=1;
INSERT INTO `block`(`blockId`,`name`,`lightOpacity`,`lightValue`,`blockResistance`,`blockHardness`,`needsRandomTick`,`slipperiness`,`isCollidable`,`isOpaqueCube`,`material`,`scriptId`,`soundId`,`minX`,`minY`,`minZ`,`maxX`,`maxY`,`maxZ`,`renderAsNormal`,`useNeighborBrightness`) 
    VALUES (31,'tile.tallgrass',0,0,0.0,0.0,true,0.6,true,false,16,'',2,0.09999999403953552,0.0,0.09999999403953552,0.8999999761581421,0.800000011920929,0.8999999761581421,false,true) 
    ON DUPLICATE KEY UPDATE name='tile.tallgrass',lightOpacity=0,lightValue=0,blockResistance=0.0,blockHardness=0.0,needsRandomTick=true,slipperiness=0.6,isCollidable=true,isOpaqueCube=false,material=16,soundId=2,minX=0.09999999403953552,minY=0.0,minZ=0.09999999403953552,maxX=0.8999999761581421,maxY=0.800000011920929,maxZ=0.8999999761581421,renderAsNormal=false,useNeighborBrightness=true;
INSERT INTO `block`(`blockId`,`name`,`lightOpacity`,`lightValue`,`blockResistance`,`blockHardness`,`needsRandomTick`,`slipperiness`,`isCollidable`,`isOpaqueCube`,`material`,`scriptId`,`soundId`,`minX`,`minY`,`minZ`,`maxX`,`maxY`,`maxZ`,`renderAsNormal`,`useNeighborBrightness`) 
    VALUES (32,'tile.deadbush',0,0,0.0,0.0,true,0.6,true,false,16,'',2,0.09999999403953552,0.0,0.09999999403953552,0.8999999761581421,0.800000011920929,0.8999999761581421,false,true) 
    ON DUPLICATE KEY UPDATE name='tile.deadbush',lightOpacity=0,lightValue=0,blockResistance=0.0,blockHardness=0.0,needsRandomTick=true,slipperiness=0.6,isCollidable=true,isOpaqueCube=false,material=16,soundId=2,minX=0.09999999403953552,minY=0.0,minZ=0.09999999403953552,maxX=0.8999999761581421,maxY=0.800000011920929,maxZ=0.8999999761581421,renderAsNormal=false,useNeighborBrightness=true;
INSERT INTO `block`(`blockId`,`name`,`lightOpacity`,`lightValue`,`blockResistance`,`blockHardness`,`needsRandomTick`,`slipperiness`,`isCollidable`,`isOpaqueCube`,`material`,`scriptId`,`soundId`,`minX`,`minY`,`minZ`,`maxX`,`maxY`,`maxZ`,`renderAsNormal`,`useNeighborBrightness`) 
    VALUES (33,'tile.pistonBase',0,0,2.5,0.5,false,0.6,true,false,14,'',1,0.0,0.0,0.0,1.0,1.0,1.0,false,true) 
    ON DUPLICATE KEY UPDATE name='tile.pistonBase',lightOpacity=0,lightValue=0,blockResistance=2.5,blockHardness=0.5,needsRandomTick=false,slipperiness=0.6,isCollidable=true,isOpaqueCube=false,material=14,soundId=1,minX=0.0,minY=0.0,minZ=0.0,maxX=1.0,maxY=1.0,maxZ=1.0,renderAsNormal=false,useNeighborBrightness=true;
INSERT INTO `block`(`blockId`,`name`,`lightOpacity`,`lightValue`,`blockResistance`,`blockHardness`,`needsRandomTick`,`slipperiness`,`isCollidable`,`isOpaqueCube`,`material`,`scriptId`,`soundId`,`minX`,`minY`,`minZ`,`maxX`,`maxY`,`maxZ`,`renderAsNormal`,`useNeighborBrightness`) 
    VALUES (34,'tile.null',0,0,2.5,0.5,false,0.6,true,false,14,'',1,0.0,0.0,0.0,1.0,1.0,1.0,false,true) 
    ON DUPLICATE KEY UPDATE name='tile.null',lightOpacity=0,lightValue=0,blockResistance=2.5,blockHardness=0.5,needsRandomTick=false,slipperiness=0.6,isCollidable=true,isOpaqueCube=false,material=14,soundId=1,minX=0.0,minY=0.0,minZ=0.0,maxX=1.0,maxY=1.0,maxZ=1.0,renderAsNormal=false,useNeighborBrightness=true;
INSERT INTO `blocksound`(`soundId`,`name`,`volume`,`modifier`,`stepSound`,`placeSound`,`breakSound`)
    VALUES (9,'UNKNOW',1.0,1.0,'step.cloth','dig.cloth','dig.cloth')
    ON DUPLICATE KEY UPDATE name='UNKNOW',volume=1.0,modifier=1.0,stepSound='step.cloth',placeSound='dig.cloth',breakSound='dig.cloth';
INSERT INTO `block`(`blockId`,`name`,`lightOpacity`,`lightValue`,`blockResistance`,`blockHardness`,`needsRandomTick`,`slipperiness`,`isCollidable`,`isOpaqueCube`,`material`,`scriptId`,`soundId`,`minX`,`minY`,`minZ`,`maxX`,`maxY`,`maxZ`,`renderAsNormal`,`useNeighborBrightness`) 
    VALUES (35,'tile.cloth',255,0,4.0,0.8,false,0.6,true,true,12,'',9,0.0,0.0,0.0,1.0,1.0,1.0,true,false) 
    ON DUPLICATE KEY UPDATE name='tile.cloth',lightOpacity=255,lightValue=0,blockResistance=4.0,blockHardness=0.8,needsRandomTick=false,slipperiness=0.6,isCollidable=true,isOpaqueCube=true,material=12,soundId=9,minX=0.0,minY=0.0,minZ=0.0,maxX=1.0,maxY=1.0,maxZ=1.0,renderAsNormal=true,useNeighborBrightness=false;
INSERT INTO `block`(`blockId`,`name`,`lightOpacity`,`lightValue`,`blockResistance`,`blockHardness`,`needsRandomTick`,`slipperiness`,`isCollidable`,`isOpaqueCube`,`material`,`scriptId`,`soundId`,`minX`,`minY`,`minZ`,`maxX`,`maxY`,`maxZ`,`renderAsNormal`,`useNeighborBrightness`) 
    VALUES (36,'tile.null',0,0,0.0,-1.0,false,0.6,true,false,14,'',5,0.0,0.0,0.0,1.0,1.0,1.0,false,true) 
    ON DUPLICATE KEY UPDATE name='tile.null',lightOpacity=0,lightValue=0,blockResistance=0.0,blockHardness=-1.0,needsRandomTick=false,slipperiness=0.6,isCollidable=true,isOpaqueCube=false,material=14,soundId=5,minX=0.0,minY=0.0,minZ=0.0,maxX=1.0,maxY=1.0,maxZ=1.0,renderAsNormal=false,useNeighborBrightness=true;
INSERT INTO `block`(`blockId`,`name`,`lightOpacity`,`lightValue`,`blockResistance`,`blockHardness`,`needsRandomTick`,`slipperiness`,`isCollidable`,`isOpaqueCube`,`material`,`scriptId`,`soundId`,`minX`,`minY`,`minZ`,`maxX`,`maxY`,`maxZ`,`renderAsNormal`,`useNeighborBrightness`) 
    VALUES (37,'tile.flower',0,0,0.0,0.0,true,0.6,true,false,5,'',2,0.30000001192092896,0.0,0.30000001192092896,0.699999988079071,0.6000000238418579,0.699999988079071,false,true) 
    ON DUPLICATE KEY UPDATE name='tile.flower',lightOpacity=0,lightValue=0,blockResistance=0.0,blockHardness=0.0,needsRandomTick=true,slipperiness=0.6,isCollidable=true,isOpaqueCube=false,material=5,soundId=2,minX=0.30000001192092896,minY=0.0,minZ=0.30000001192092896,maxX=0.699999988079071,maxY=0.6000000238418579,maxZ=0.699999988079071,renderAsNormal=false,useNeighborBrightness=true;
INSERT INTO `block`(`blockId`,`name`,`lightOpacity`,`lightValue`,`blockResistance`,`blockHardness`,`needsRandomTick`,`slipperiness`,`isCollidable`,`isOpaqueCube`,`material`,`scriptId`,`soundId`,`minX`,`minY`,`minZ`,`maxX`,`maxY`,`maxZ`,`renderAsNormal`,`useNeighborBrightness`) 
    VALUES (38,'tile.rose',0,0,0.0,0.0,true,0.6,true,false,5,'',2,0.30000001192092896,0.0,0.30000001192092896,0.699999988079071,0.6000000238418579,0.699999988079071,false,true) 
    ON DUPLICATE KEY UPDATE name='tile.rose',lightOpacity=0,lightValue=0,blockResistance=0.0,blockHardness=0.0,needsRandomTick=true,slipperiness=0.6,isCollidable=true,isOpaqueCube=false,material=5,soundId=2,minX=0.30000001192092896,minY=0.0,minZ=0.30000001192092896,maxX=0.699999988079071,maxY=0.6000000238418579,maxZ=0.699999988079071,renderAsNormal=false,useNeighborBrightness=true;
INSERT INTO `block`(`blockId`,`name`,`lightOpacity`,`lightValue`,`blockResistance`,`blockHardness`,`needsRandomTick`,`slipperiness`,`isCollidable`,`isOpaqueCube`,`material`,`scriptId`,`soundId`,`minX`,`minY`,`minZ`,`maxX`,`maxY`,`maxZ`,`renderAsNormal`,`useNeighborBrightness`) 
    VALUES (39,'tile.mushroom',0,1,0.0,0.0,true,0.6,true,false,5,'',2,0.30000001192092896,0.0,0.30000001192092896,0.699999988079071,0.4000000059604645,0.699999988079071,false,true) 
    ON DUPLICATE KEY UPDATE name='tile.mushroom',lightOpacity=0,lightValue=1,blockResistance=0.0,blockHardness=0.0,needsRandomTick=true,slipperiness=0.6,isCollidable=true,isOpaqueCube=false,material=5,soundId=2,minX=0.30000001192092896,minY=0.0,minZ=0.30000001192092896,maxX=0.699999988079071,maxY=0.4000000059604645,maxZ=0.699999988079071,renderAsNormal=false,useNeighborBrightness=true;
INSERT INTO `block`(`blockId`,`name`,`lightOpacity`,`lightValue`,`blockResistance`,`blockHardness`,`needsRandomTick`,`slipperiness`,`isCollidable`,`isOpaqueCube`,`material`,`scriptId`,`soundId`,`minX`,`minY`,`minZ`,`maxX`,`maxY`,`maxZ`,`renderAsNormal`,`useNeighborBrightness`) 
    VALUES (40,'tile.mushroom',0,0,0.0,0.0,true,0.6,true,false,5,'',2,0.30000001192092896,0.0,0.30000001192092896,0.699999988079071,0.4000000059604645,0.699999988079071,false,true) 
    ON DUPLICATE KEY UPDATE name='tile.mushroom',lightOpacity=0,lightValue=0,blockResistance=0.0,blockHardness=0.0,needsRandomTick=true,slipperiness=0.6,isCollidable=true,isOpaqueCube=false,material=5,soundId=2,minX=0.30000001192092896,minY=0.0,minZ=0.30000001192092896,maxX=0.699999988079071,maxY=0.4000000059604645,maxZ=0.699999988079071,renderAsNormal=false,useNeighborBrightness=true;
INSERT INTO `material`(`materialId`,`name`,`canBurn`,`replacable`,`translucent`,`requiresNoTool`,`mobilityFlag`)
    VALUES (17,'UNKNOW',false,false,false,true,0)    ON DUPLICATE KEY UPDATE name='UNKNOW',canBurn=false,replacable=false,translucent=false,requiresNoTool=false,mobilityFlag=0;
INSERT INTO `block`(`blockId`,`name`,`lightOpacity`,`lightValue`,`blockResistance`,`blockHardness`,`needsRandomTick`,`slipperiness`,`isCollidable`,`isOpaqueCube`,`material`,`scriptId`,`soundId`,`minX`,`minY`,`minZ`,`maxX`,`maxY`,`maxZ`,`renderAsNormal`,`useNeighborBrightness`) 
    VALUES (41,'tile.blockGold',255,0,30.0,3.0,false,0.6,true,true,17,'',8,0.0,0.0,0.0,1.0,1.0,1.0,true,false) 
    ON DUPLICATE KEY UPDATE name='tile.blockGold',lightOpacity=255,lightValue=0,blockResistance=30.0,blockHardness=3.0,needsRandomTick=false,slipperiness=0.6,isCollidable=true,isOpaqueCube=true,material=17,soundId=8,minX=0.0,minY=0.0,minZ=0.0,maxX=1.0,maxY=1.0,maxZ=1.0,renderAsNormal=true,useNeighborBrightness=false;
INSERT INTO `block`(`blockId`,`name`,`lightOpacity`,`lightValue`,`blockResistance`,`blockHardness`,`needsRandomTick`,`slipperiness`,`isCollidable`,`isOpaqueCube`,`material`,`scriptId`,`soundId`,`minX`,`minY`,`minZ`,`maxX`,`maxY`,`maxZ`,`renderAsNormal`,`useNeighborBrightness`) 
    VALUES (42,'tile.blockIron',255,0,30.0,5.0,false,0.6,true,true,17,'',8,0.0,0.0,0.0,1.0,1.0,1.0,true,false) 
    ON DUPLICATE KEY UPDATE name='tile.blockIron',lightOpacity=255,lightValue=0,blockResistance=30.0,blockHardness=5.0,needsRandomTick=false,slipperiness=0.6,isCollidable=true,isOpaqueCube=true,material=17,soundId=8,minX=0.0,minY=0.0,minZ=0.0,maxX=1.0,maxY=1.0,maxZ=1.0,renderAsNormal=true,useNeighborBrightness=false;
INSERT INTO `block`(`blockId`,`name`,`lightOpacity`,`lightValue`,`blockResistance`,`blockHardness`,`needsRandomTick`,`slipperiness`,`isCollidable`,`isOpaqueCube`,`material`,`scriptId`,`soundId`,`minX`,`minY`,`minZ`,`maxX`,`maxY`,`maxZ`,`renderAsNormal`,`useNeighborBrightness`) 
    VALUES (43,'tile.stoneSlab',255,0,30.0,2.0,false,0.6,true,true,1,'',1,0.0,0.0,0.0,1.0,1.0,1.0,true,true) 
    ON DUPLICATE KEY UPDATE name='tile.stoneSlab',lightOpacity=255,lightValue=0,blockResistance=30.0,blockHardness=2.0,needsRandomTick=false,slipperiness=0.6,isCollidable=true,isOpaqueCube=true,material=1,soundId=1,minX=0.0,minY=0.0,minZ=0.0,maxX=1.0,maxY=1.0,maxZ=1.0,renderAsNormal=true,useNeighborBrightness=true;
INSERT INTO `block`(`blockId`,`name`,`lightOpacity`,`lightValue`,`blockResistance`,`blockHardness`,`needsRandomTick`,`slipperiness`,`isCollidable`,`isOpaqueCube`,`material`,`scriptId`,`soundId`,`minX`,`minY`,`minZ`,`maxX`,`maxY`,`maxZ`,`renderAsNormal`,`useNeighborBrightness`) 
    VALUES (44,'tile.stoneSlab',255,0,30.0,2.0,false,0.6,true,false,1,'',1,0.0,0.0,0.0,1.0,0.5,1.0,false,true) 
    ON DUPLICATE KEY UPDATE name='tile.stoneSlab',lightOpacity=255,lightValue=0,blockResistance=30.0,blockHardness=2.0,needsRandomTick=false,slipperiness=0.6,isCollidable=true,isOpaqueCube=false,material=1,soundId=1,minX=0.0,minY=0.0,minZ=0.0,maxX=1.0,maxY=0.5,maxZ=1.0,renderAsNormal=false,useNeighborBrightness=true;
INSERT INTO `block`(`blockId`,`name`,`lightOpacity`,`lightValue`,`blockResistance`,`blockHardness`,`needsRandomTick`,`slipperiness`,`isCollidable`,`isOpaqueCube`,`material`,`scriptId`,`soundId`,`minX`,`minY`,`minZ`,`maxX`,`maxY`,`maxZ`,`renderAsNormal`,`useNeighborBrightness`) 
    VALUES (45,'tile.brick',255,0,30.0,2.0,false,0.6,true,true,1,'',1,0.0,0.0,0.0,1.0,1.0,1.0,true,false) 
    ON DUPLICATE KEY UPDATE name='tile.brick',lightOpacity=255,lightValue=0,blockResistance=30.0,blockHardness=2.0,needsRandomTick=false,slipperiness=0.6,isCollidable=true,isOpaqueCube=true,material=1,soundId=1,minX=0.0,minY=0.0,minZ=0.0,maxX=1.0,maxY=1.0,maxZ=1.0,renderAsNormal=true,useNeighborBrightness=false;
INSERT INTO `material`(`materialId`,`name`,`canBurn`,`replacable`,`translucent`,`requiresNoTool`,`mobilityFlag`)
    VALUES (18,'UNKNOW',true,false,true,false,0)    ON DUPLICATE KEY UPDATE name='UNKNOW',canBurn=true,replacable=false,translucent=true,requiresNoTool=true,mobilityFlag=0;
INSERT INTO `block`(`blockId`,`name`,`lightOpacity`,`lightValue`,`blockResistance`,`blockHardness`,`needsRandomTick`,`slipperiness`,`isCollidable`,`isOpaqueCube`,`material`,`scriptId`,`soundId`,`minX`,`minY`,`minZ`,`maxX`,`maxY`,`maxZ`,`renderAsNormal`,`useNeighborBrightness`) 
    VALUES (46,'tile.tnt',255,0,0.0,0.0,false,0.6,true,true,18,'',2,0.0,0.0,0.0,1.0,1.0,1.0,true,false) 
    ON DUPLICATE KEY UPDATE name='tile.tnt',lightOpacity=255,lightValue=0,blockResistance=0.0,blockHardness=0.0,needsRandomTick=false,slipperiness=0.6,isCollidable=true,isOpaqueCube=true,material=18,soundId=2,minX=0.0,minY=0.0,minZ=0.0,maxX=1.0,maxY=1.0,maxZ=1.0,renderAsNormal=true,useNeighborBrightness=false;
INSERT INTO `block`(`blockId`,`name`,`lightOpacity`,`lightValue`,`blockResistance`,`blockHardness`,`needsRandomTick`,`slipperiness`,`isCollidable`,`isOpaqueCube`,`material`,`scriptId`,`soundId`,`minX`,`minY`,`minZ`,`maxX`,`maxY`,`maxZ`,`renderAsNormal`,`useNeighborBrightness`) 
    VALUES (47,'tile.bookshelf',255,0,7.5,1.5,false,0.6,true,true,4,'',4,0.0,0.0,0.0,1.0,1.0,1.0,true,false) 
    ON DUPLICATE KEY UPDATE name='tile.bookshelf',lightOpacity=255,lightValue=0,blockResistance=7.5,blockHardness=1.5,needsRandomTick=false,slipperiness=0.6,isCollidable=true,isOpaqueCube=true,material=4,soundId=4,minX=0.0,minY=0.0,minZ=0.0,maxX=1.0,maxY=1.0,maxZ=1.0,renderAsNormal=true,useNeighborBrightness=false;
INSERT INTO `block`(`blockId`,`name`,`lightOpacity`,`lightValue`,`blockResistance`,`blockHardness`,`needsRandomTick`,`slipperiness`,`isCollidable`,`isOpaqueCube`,`material`,`scriptId`,`soundId`,`minX`,`minY`,`minZ`,`maxX`,`maxY`,`maxZ`,`renderAsNormal`,`useNeighborBrightness`) 
    VALUES (48,'tile.stoneMoss',255,0,30.0,2.0,false,0.6,true,true,1,'',1,0.0,0.0,0.0,1.0,1.0,1.0,true,false) 
    ON DUPLICATE KEY UPDATE name='tile.stoneMoss',lightOpacity=255,lightValue=0,blockResistance=30.0,blockHardness=2.0,needsRandomTick=false,slipperiness=0.6,isCollidable=true,isOpaqueCube=true,material=1,soundId=1,minX=0.0,minY=0.0,minZ=0.0,maxX=1.0,maxY=1.0,maxZ=1.0,renderAsNormal=true,useNeighborBrightness=false;
INSERT INTO `block`(`blockId`,`name`,`lightOpacity`,`lightValue`,`blockResistance`,`blockHardness`,`needsRandomTick`,`slipperiness`,`isCollidable`,`isOpaqueCube`,`material`,`scriptId`,`soundId`,`minX`,`minY`,`minZ`,`maxX`,`maxY`,`maxZ`,`renderAsNormal`,`useNeighborBrightness`) 
    VALUES (49,'tile.obsidian',255,0,6000.0,50.0,false,0.6,true,true,1,'',1,0.0,0.0,0.0,1.0,1.0,1.0,true,false) 
    ON DUPLICATE KEY UPDATE name='tile.obsidian',lightOpacity=255,lightValue=0,blockResistance=6000.0,blockHardness=50.0,needsRandomTick=false,slipperiness=0.6,isCollidable=true,isOpaqueCube=true,material=1,soundId=1,minX=0.0,minY=0.0,minZ=0.0,maxX=1.0,maxY=1.0,maxZ=1.0,renderAsNormal=true,useNeighborBrightness=false;
INSERT INTO `block`(`blockId`,`name`,`lightOpacity`,`lightValue`,`blockResistance`,`blockHardness`,`needsRandomTick`,`slipperiness`,`isCollidable`,`isOpaqueCube`,`material`,`scriptId`,`soundId`,`minX`,`minY`,`minZ`,`maxX`,`maxY`,`maxZ`,`renderAsNormal`,`useNeighborBrightness`) 
    VALUES (50,'tile.torch',0,14,0.0,0.0,true,0.6,true,false,13,'',4,0.0,0.0,0.0,1.0,1.0,1.0,false,true) 
    ON DUPLICATE KEY UPDATE name='tile.torch',lightOpacity=0,lightValue=14,blockResistance=0.0,blockHardness=0.0,needsRandomTick=true,slipperiness=0.6,isCollidable=true,isOpaqueCube=false,material=13,soundId=4,minX=0.0,minY=0.0,minZ=0.0,maxX=1.0,maxY=1.0,maxZ=1.0,renderAsNormal=false,useNeighborBrightness=true;
INSERT INTO `material`(`materialId`,`name`,`canBurn`,`replacable`,`translucent`,`requiresNoTool`,`mobilityFlag`)
    VALUES (19,'UNKNOW',false,true,true,false,1)    ON DUPLICATE KEY UPDATE name='UNKNOW',canBurn=false,replacable=true,translucent=true,requiresNoTool=true,mobilityFlag=1;
INSERT INTO `block`(`blockId`,`name`,`lightOpacity`,`lightValue`,`blockResistance`,`blockHardness`,`needsRandomTick`,`slipperiness`,`isCollidable`,`isOpaqueCube`,`material`,`scriptId`,`soundId`,`minX`,`minY`,`minZ`,`maxX`,`maxY`,`maxZ`,`renderAsNormal`,`useNeighborBrightness`) 
    VALUES (51,'tile.fire',0,15,0.0,0.0,true,0.6,false,false,19,'',4,0.0,0.0,0.0,1.0,1.0,1.0,false,true) 
    ON DUPLICATE KEY UPDATE name='tile.fire',lightOpacity=0,lightValue=15,blockResistance=0.0,blockHardness=0.0,needsRandomTick=true,slipperiness=0.6,isCollidable=false,isOpaqueCube=false,material=19,soundId=4,minX=0.0,minY=0.0,minZ=0.0,maxX=1.0,maxY=1.0,maxZ=1.0,renderAsNormal=false,useNeighborBrightness=true;
INSERT INTO `block`(`blockId`,`name`,`lightOpacity`,`lightValue`,`blockResistance`,`blockHardness`,`needsRandomTick`,`slipperiness`,`isCollidable`,`isOpaqueCube`,`material`,`scriptId`,`soundId`,`minX`,`minY`,`minZ`,`maxX`,`maxY`,`maxZ`,`renderAsNormal`,`useNeighborBrightness`) 
    VALUES (52,'tile.mobSpawner',0,0,25.0,5.0,false,0.6,true,false,1,'',8,0.0,0.0,0.0,1.0,1.0,1.0,true,true) 
    ON DUPLICATE KEY UPDATE name='tile.mobSpawner',lightOpacity=0,lightValue=0,blockResistance=25.0,blockHardness=5.0,needsRandomTick=false,slipperiness=0.6,isCollidable=true,isOpaqueCube=false,material=1,soundId=8,minX=0.0,minY=0.0,minZ=0.0,maxX=1.0,maxY=1.0,maxZ=1.0,renderAsNormal=true,useNeighborBrightness=true;
INSERT INTO `block`(`blockId`,`name`,`lightOpacity`,`lightValue`,`blockResistance`,`blockHardness`,`needsRandomTick`,`slipperiness`,`isCollidable`,`isOpaqueCube`,`material`,`scriptId`,`soundId`,`minX`,`minY`,`minZ`,`maxX`,`maxY`,`maxZ`,`renderAsNormal`,`useNeighborBrightness`) 
    VALUES (53,'tile.stairsWood',255,0,15.0,2.0,false,0.6,true,false,4,'',4,0.0,0.0,0.0,1.0,1.0,1.0,false,true) 
    ON DUPLICATE KEY UPDATE name='tile.stairsWood',lightOpacity=255,lightValue=0,blockResistance=15.0,blockHardness=2.0,needsRandomTick=false,slipperiness=0.6,isCollidable=true,isOpaqueCube=false,material=4,soundId=4,minX=0.0,minY=0.0,minZ=0.0,maxX=1.0,maxY=1.0,maxZ=1.0,renderAsNormal=false,useNeighborBrightness=true;
INSERT INTO `block`(`blockId`,`name`,`lightOpacity`,`lightValue`,`blockResistance`,`blockHardness`,`needsRandomTick`,`slipperiness`,`isCollidable`,`isOpaqueCube`,`material`,`scriptId`,`soundId`,`minX`,`minY`,`minZ`,`maxX`,`maxY`,`maxZ`,`renderAsNormal`,`useNeighborBrightness`) 
    VALUES (54,'tile.chest',0,0,12.5,2.5,false,0.6,true,false,4,'',4,0.0625,0.0,0.0625,0.9375,0.875,0.9375,false,true) 
    ON DUPLICATE KEY UPDATE name='tile.chest',lightOpacity=0,lightValue=0,blockResistance=12.5,blockHardness=2.5,needsRandomTick=false,slipperiness=0.6,isCollidable=true,isOpaqueCube=false,material=4,soundId=4,minX=0.0625,minY=0.0,minZ=0.0625,maxX=0.9375,maxY=0.875,maxZ=0.9375,renderAsNormal=false,useNeighborBrightness=true;
INSERT INTO `block`(`blockId`,`name`,`lightOpacity`,`lightValue`,`blockResistance`,`blockHardness`,`needsRandomTick`,`slipperiness`,`isCollidable`,`isOpaqueCube`,`material`,`scriptId`,`soundId`,`minX`,`minY`,`minZ`,`maxX`,`maxY`,`maxZ`,`renderAsNormal`,`useNeighborBrightness`) 
    VALUES (55,'tile.redstoneDust',0,0,0.0,0.0,false,0.6,true,false,13,'',5,0.0,0.0,0.0,1.0,0.0625,1.0,false,true) 
    ON DUPLICATE KEY UPDATE name='tile.redstoneDust',lightOpacity=0,lightValue=0,blockResistance=0.0,blockHardness=0.0,needsRandomTick=false,slipperiness=0.6,isCollidable=true,isOpaqueCube=false,material=13,soundId=5,minX=0.0,minY=0.0,minZ=0.0,maxX=1.0,maxY=0.0625,maxZ=1.0,renderAsNormal=false,useNeighborBrightness=true;
INSERT INTO `block`(`blockId`,`name`,`lightOpacity`,`lightValue`,`blockResistance`,`blockHardness`,`needsRandomTick`,`slipperiness`,`isCollidable`,`isOpaqueCube`,`material`,`scriptId`,`soundId`,`minX`,`minY`,`minZ`,`maxX`,`maxY`,`maxZ`,`renderAsNormal`,`useNeighborBrightness`) 
    VALUES (56,'tile.oreDiamond',255,0,15.0,3.0,false,0.6,true,true,1,'',1,0.0,0.0,0.0,1.0,1.0,1.0,true,false) 
    ON DUPLICATE KEY UPDATE name='tile.oreDiamond',lightOpacity=255,lightValue=0,blockResistance=15.0,blockHardness=3.0,needsRandomTick=false,slipperiness=0.6,isCollidable=true,isOpaqueCube=true,material=1,soundId=1,minX=0.0,minY=0.0,minZ=0.0,maxX=1.0,maxY=1.0,maxZ=1.0,renderAsNormal=true,useNeighborBrightness=false;
INSERT INTO `block`(`blockId`,`name`,`lightOpacity`,`lightValue`,`blockResistance`,`blockHardness`,`needsRandomTick`,`slipperiness`,`isCollidable`,`isOpaqueCube`,`material`,`scriptId`,`soundId`,`minX`,`minY`,`minZ`,`maxX`,`maxY`,`maxZ`,`renderAsNormal`,`useNeighborBrightness`) 
    VALUES (57,'tile.blockDiamond',255,0,30.0,5.0,false,0.6,true,true,17,'',8,0.0,0.0,0.0,1.0,1.0,1.0,true,false) 
    ON DUPLICATE KEY UPDATE name='tile.blockDiamond',lightOpacity=255,lightValue=0,blockResistance=30.0,blockHardness=5.0,needsRandomTick=false,slipperiness=0.6,isCollidable=true,isOpaqueCube=true,material=17,soundId=8,minX=0.0,minY=0.0,minZ=0.0,maxX=1.0,maxY=1.0,maxZ=1.0,renderAsNormal=true,useNeighborBrightness=false;
INSERT INTO `block`(`blockId`,`name`,`lightOpacity`,`lightValue`,`blockResistance`,`blockHardness`,`needsRandomTick`,`slipperiness`,`isCollidable`,`isOpaqueCube`,`material`,`scriptId`,`soundId`,`minX`,`minY`,`minZ`,`maxX`,`maxY`,`maxZ`,`renderAsNormal`,`useNeighborBrightness`) 
    VALUES (58,'tile.workbench',255,0,12.5,2.5,false,0.6,true,true,4,'',4,0.0,0.0,0.0,1.0,1.0,1.0,true,false) 
    ON DUPLICATE KEY UPDATE name='tile.workbench',lightOpacity=255,lightValue=0,blockResistance=12.5,blockHardness=2.5,needsRandomTick=false,slipperiness=0.6,isCollidable=true,isOpaqueCube=true,material=4,soundId=4,minX=0.0,minY=0.0,minZ=0.0,maxX=1.0,maxY=1.0,maxZ=1.0,renderAsNormal=true,useNeighborBrightness=false;
INSERT INTO `block`(`blockId`,`name`,`lightOpacity`,`lightValue`,`blockResistance`,`blockHardness`,`needsRandomTick`,`slipperiness`,`isCollidable`,`isOpaqueCube`,`material`,`scriptId`,`soundId`,`minX`,`minY`,`minZ`,`maxX`,`maxY`,`maxZ`,`renderAsNormal`,`useNeighborBrightness`) 
    VALUES (59,'tile.crops',0,0,0.0,0.0,true,0.6,true,false,5,'',2,0.0,0.0,0.0,1.0,0.25,1.0,false,true) 
    ON DUPLICATE KEY UPDATE name='tile.crops',lightOpacity=0,lightValue=0,blockResistance=0.0,blockHardness=0.0,needsRandomTick=true,slipperiness=0.6,isCollidable=true,isOpaqueCube=false,material=5,soundId=2,minX=0.0,minY=0.0,minZ=0.0,maxX=1.0,maxY=0.25,maxZ=1.0,renderAsNormal=false,useNeighborBrightness=true;
INSERT INTO `block`(`blockId`,`name`,`lightOpacity`,`lightValue`,`blockResistance`,`blockHardness`,`needsRandomTick`,`slipperiness`,`isCollidable`,`isOpaqueCube`,`material`,`scriptId`,`soundId`,`minX`,`minY`,`minZ`,`maxX`,`maxY`,`maxZ`,`renderAsNormal`,`useNeighborBrightness`) 
    VALUES (60,'tile.farmland',255,0,3.0,0.6,true,0.6,true,false,3,'',3,0.0,0.0,0.0,1.0,0.9375,1.0,false,true) 
    ON DUPLICATE KEY UPDATE name='tile.farmland',lightOpacity=255,lightValue=0,blockResistance=3.0,blockHardness=0.6,needsRandomTick=true,slipperiness=0.6,isCollidable=true,isOpaqueCube=false,material=3,soundId=3,minX=0.0,minY=0.0,minZ=0.0,maxX=1.0,maxY=0.9375,maxZ=1.0,renderAsNormal=false,useNeighborBrightness=true;
INSERT INTO `block`(`blockId`,`name`,`lightOpacity`,`lightValue`,`blockResistance`,`blockHardness`,`needsRandomTick`,`slipperiness`,`isCollidable`,`isOpaqueCube`,`material`,`scriptId`,`soundId`,`minX`,`minY`,`minZ`,`maxX`,`maxY`,`maxZ`,`renderAsNormal`,`useNeighborBrightness`) 
    VALUES (61,'tile.furnace',255,0,17.5,3.5,false,0.6,true,true,1,'',1,0.0,0.0,0.0,1.0,1.0,1.0,true,false) 
    ON DUPLICATE KEY UPDATE name='tile.furnace',lightOpacity=255,lightValue=0,blockResistance=17.5,blockHardness=3.5,needsRandomTick=false,slipperiness=0.6,isCollidable=true,isOpaqueCube=true,material=1,soundId=1,minX=0.0,minY=0.0,minZ=0.0,maxX=1.0,maxY=1.0,maxZ=1.0,renderAsNormal=true,useNeighborBrightness=false;
INSERT INTO `block`(`blockId`,`name`,`lightOpacity`,`lightValue`,`blockResistance`,`blockHardness`,`needsRandomTick`,`slipperiness`,`isCollidable`,`isOpaqueCube`,`material`,`scriptId`,`soundId`,`minX`,`minY`,`minZ`,`maxX`,`maxY`,`maxZ`,`renderAsNormal`,`useNeighborBrightness`) 
    VALUES (62,'tile.furnace',255,13,17.5,3.5,false,0.6,true,true,1,'',1,0.0,0.0,0.0,1.0,1.0,1.0,true,false) 
    ON DUPLICATE KEY UPDATE name='tile.furnace',lightOpacity=255,lightValue=13,blockResistance=17.5,blockHardness=3.5,needsRandomTick=false,slipperiness=0.6,isCollidable=true,isOpaqueCube=true,material=1,soundId=1,minX=0.0,minY=0.0,minZ=0.0,maxX=1.0,maxY=1.0,maxZ=1.0,renderAsNormal=true,useNeighborBrightness=false;
INSERT INTO `block`(`blockId`,`name`,`lightOpacity`,`lightValue`,`blockResistance`,`blockHardness`,`needsRandomTick`,`slipperiness`,`isCollidable`,`isOpaqueCube`,`material`,`scriptId`,`soundId`,`minX`,`minY`,`minZ`,`maxX`,`maxY`,`maxZ`,`renderAsNormal`,`useNeighborBrightness`) 
    VALUES (63,'tile.sign',0,0,5.0,1.0,false,0.6,true,false,4,'',4,0.25,0.0,0.25,0.75,1.0,0.75,false,true) 
    ON DUPLICATE KEY UPDATE name='tile.sign',lightOpacity=0,lightValue=0,blockResistance=5.0,blockHardness=1.0,needsRandomTick=false,slipperiness=0.6,isCollidable=true,isOpaqueCube=false,material=4,soundId=4,minX=0.25,minY=0.0,minZ=0.25,maxX=0.75,maxY=1.0,maxZ=0.75,renderAsNormal=false,useNeighborBrightness=true;
INSERT INTO `block`(`blockId`,`name`,`lightOpacity`,`lightValue`,`blockResistance`,`blockHardness`,`needsRandomTick`,`slipperiness`,`isCollidable`,`isOpaqueCube`,`material`,`scriptId`,`soundId`,`minX`,`minY`,`minZ`,`maxX`,`maxY`,`maxZ`,`renderAsNormal`,`useNeighborBrightness`) 
    VALUES (64,'tile.doorWood',0,0,15.0,3.0,false,0.6,true,false,4,'',4,0.0,0.0,0.0,1.0,1.0,1.0,false,true) 
    ON DUPLICATE KEY UPDATE name='tile.doorWood',lightOpacity=0,lightValue=0,blockResistance=15.0,blockHardness=3.0,needsRandomTick=false,slipperiness=0.6,isCollidable=true,isOpaqueCube=false,material=4,soundId=4,minX=0.0,minY=0.0,minZ=0.0,maxX=1.0,maxY=1.0,maxZ=1.0,renderAsNormal=false,useNeighborBrightness=true;
INSERT INTO `blocksound`(`soundId`,`name`,`volume`,`modifier`,`stepSound`,`placeSound`,`breakSound`)
    VALUES (10,'UNKNOW',1.0,1.0,'step.ladder','dig.wood','dig.wood')
    ON DUPLICATE KEY UPDATE name='UNKNOW',volume=1.0,modifier=1.0,stepSound='step.ladder',placeSound='dig.wood',breakSound='dig.wood';
INSERT INTO `block`(`blockId`,`name`,`lightOpacity`,`lightValue`,`blockResistance`,`blockHardness`,`needsRandomTick`,`slipperiness`,`isCollidable`,`isOpaqueCube`,`material`,`scriptId`,`soundId`,`minX`,`minY`,`minZ`,`maxX`,`maxY`,`maxZ`,`renderAsNormal`,`useNeighborBrightness`) 
    VALUES (65,'tile.ladder',0,0,2.0,0.4,false,0.6,true,false,13,'',10,0.0,0.0,0.0,1.0,1.0,1.0,false,true) 
    ON DUPLICATE KEY UPDATE name='tile.ladder',lightOpacity=0,lightValue=0,blockResistance=2.0,blockHardness=0.4,needsRandomTick=false,slipperiness=0.6,isCollidable=true,isOpaqueCube=false,material=13,soundId=10,minX=0.0,minY=0.0,minZ=0.0,maxX=1.0,maxY=1.0,maxZ=1.0,renderAsNormal=false,useNeighborBrightness=true;
INSERT INTO `block`(`blockId`,`name`,`lightOpacity`,`lightValue`,`blockResistance`,`blockHardness`,`needsRandomTick`,`slipperiness`,`isCollidable`,`isOpaqueCube`,`material`,`scriptId`,`soundId`,`minX`,`minY`,`minZ`,`maxX`,`maxY`,`maxZ`,`renderAsNormal`,`useNeighborBrightness`) 
    VALUES (66,'tile.rail',0,0,3.5,0.7,false,0.6,true,false,13,'',8,0.0,0.0,0.0,1.0,0.125,1.0,false,true) 
    ON DUPLICATE KEY UPDATE name='tile.rail',lightOpacity=0,lightValue=0,blockResistance=3.5,blockHardness=0.7,needsRandomTick=false,slipperiness=0.6,isCollidable=true,isOpaqueCube=false,material=13,soundId=8,minX=0.0,minY=0.0,minZ=0.0,maxX=1.0,maxY=0.125,maxZ=1.0,renderAsNormal=false,useNeighborBrightness=true;
INSERT INTO `block`(`blockId`,`name`,`lightOpacity`,`lightValue`,`blockResistance`,`blockHardness`,`needsRandomTick`,`slipperiness`,`isCollidable`,`isOpaqueCube`,`material`,`scriptId`,`soundId`,`minX`,`minY`,`minZ`,`maxX`,`maxY`,`maxZ`,`renderAsNormal`,`useNeighborBrightness`) 
    VALUES (67,'tile.stairsStone',255,0,30.0,2.0,false,0.6,true,false,1,'',1,0.0,0.0,0.0,1.0,1.0,1.0,false,true) 
    ON DUPLICATE KEY UPDATE name='tile.stairsStone',lightOpacity=255,lightValue=0,blockResistance=30.0,blockHardness=2.0,needsRandomTick=false,slipperiness=0.6,isCollidable=true,isOpaqueCube=false,material=1,soundId=1,minX=0.0,minY=0.0,minZ=0.0,maxX=1.0,maxY=1.0,maxZ=1.0,renderAsNormal=false,useNeighborBrightness=true;
INSERT INTO `block`(`blockId`,`name`,`lightOpacity`,`lightValue`,`blockResistance`,`blockHardness`,`needsRandomTick`,`slipperiness`,`isCollidable`,`isOpaqueCube`,`material`,`scriptId`,`soundId`,`minX`,`minY`,`minZ`,`maxX`,`maxY`,`maxZ`,`renderAsNormal`,`useNeighborBrightness`) 
    VALUES (68,'tile.sign',0,0,5.0,1.0,false,0.6,true,false,4,'',4,0.25,0.0,0.25,0.75,1.0,0.75,false,true) 
    ON DUPLICATE KEY UPDATE name='tile.sign',lightOpacity=0,lightValue=0,blockResistance=5.0,blockHardness=1.0,needsRandomTick=false,slipperiness=0.6,isCollidable=true,isOpaqueCube=false,material=4,soundId=4,minX=0.25,minY=0.0,minZ=0.25,maxX=0.75,maxY=1.0,maxZ=0.75,renderAsNormal=false,useNeighborBrightness=true;
INSERT INTO `block`(`blockId`,`name`,`lightOpacity`,`lightValue`,`blockResistance`,`blockHardness`,`needsRandomTick`,`slipperiness`,`isCollidable`,`isOpaqueCube`,`material`,`scriptId`,`soundId`,`minX`,`minY`,`minZ`,`maxX`,`maxY`,`maxZ`,`renderAsNormal`,`useNeighborBrightness`) 
    VALUES (69,'tile.lever',0,0,2.5,0.5,false,0.6,true,false,13,'',4,0.0,0.0,0.0,1.0,1.0,1.0,false,true) 
    ON DUPLICATE KEY UPDATE name='tile.lever',lightOpacity=0,lightValue=0,blockResistance=2.5,blockHardness=0.5,needsRandomTick=false,slipperiness=0.6,isCollidable=true,isOpaqueCube=false,material=13,soundId=4,minX=0.0,minY=0.0,minZ=0.0,maxX=1.0,maxY=1.0,maxZ=1.0,renderAsNormal=false,useNeighborBrightness=true;
INSERT INTO `block`(`blockId`,`name`,`lightOpacity`,`lightValue`,`blockResistance`,`blockHardness`,`needsRandomTick`,`slipperiness`,`isCollidable`,`isOpaqueCube`,`material`,`scriptId`,`soundId`,`minX`,`minY`,`minZ`,`maxX`,`maxY`,`maxZ`,`renderAsNormal`,`useNeighborBrightness`) 
    VALUES (70,'tile.pressurePlate',0,0,2.5,0.5,true,0.6,true,false,1,'',1,0.0625,0.0,0.0625,0.9375,0.03125,0.9375,false,true) 
    ON DUPLICATE KEY UPDATE name='tile.pressurePlate',lightOpacity=0,lightValue=0,blockResistance=2.5,blockHardness=0.5,needsRandomTick=true,slipperiness=0.6,isCollidable=true,isOpaqueCube=false,material=1,soundId=1,minX=0.0625,minY=0.0,minZ=0.0625,maxX=0.9375,maxY=0.03125,maxZ=0.9375,renderAsNormal=false,useNeighborBrightness=true;
INSERT INTO `block`(`blockId`,`name`,`lightOpacity`,`lightValue`,`blockResistance`,`blockHardness`,`needsRandomTick`,`slipperiness`,`isCollidable`,`isOpaqueCube`,`material`,`scriptId`,`soundId`,`minX`,`minY`,`minZ`,`maxX`,`maxY`,`maxZ`,`renderAsNormal`,`useNeighborBrightness`) 
    VALUES (71,'tile.doorIron',0,0,25.0,5.0,false,0.6,true,false,17,'',8,0.0,0.0,0.0,1.0,1.0,1.0,false,true) 
    ON DUPLICATE KEY UPDATE name='tile.doorIron',lightOpacity=0,lightValue=0,blockResistance=25.0,blockHardness=5.0,needsRandomTick=false,slipperiness=0.6,isCollidable=true,isOpaqueCube=false,material=17,soundId=8,minX=0.0,minY=0.0,minZ=0.0,maxX=1.0,maxY=1.0,maxZ=1.0,renderAsNormal=false,useNeighborBrightness=true;
INSERT INTO `block`(`blockId`,`name`,`lightOpacity`,`lightValue`,`blockResistance`,`blockHardness`,`needsRandomTick`,`slipperiness`,`isCollidable`,`isOpaqueCube`,`material`,`scriptId`,`soundId`,`minX`,`minY`,`minZ`,`maxX`,`maxY`,`maxZ`,`renderAsNormal`,`useNeighborBrightness`) 
    VALUES (72,'tile.pressurePlate',0,0,2.5,0.5,true,0.6,true,false,4,'',4,0.0625,0.0,0.0625,0.9375,0.03125,0.9375,false,true) 
    ON DUPLICATE KEY UPDATE name='tile.pressurePlate',lightOpacity=0,lightValue=0,blockResistance=2.5,blockHardness=0.5,needsRandomTick=true,slipperiness=0.6,isCollidable=true,isOpaqueCube=false,material=4,soundId=4,minX=0.0625,minY=0.0,minZ=0.0625,maxX=0.9375,maxY=0.03125,maxZ=0.9375,renderAsNormal=false,useNeighborBrightness=true;
INSERT INTO `block`(`blockId`,`name`,`lightOpacity`,`lightValue`,`blockResistance`,`blockHardness`,`needsRandomTick`,`slipperiness`,`isCollidable`,`isOpaqueCube`,`material`,`scriptId`,`soundId`,`minX`,`minY`,`minZ`,`maxX`,`maxY`,`maxZ`,`renderAsNormal`,`useNeighborBrightness`) 
    VALUES (73,'tile.oreRedstone',255,0,15.0,3.0,false,0.6,true,true,1,'',1,0.0,0.0,0.0,1.0,1.0,1.0,true,false) 
    ON DUPLICATE KEY UPDATE name='tile.oreRedstone',lightOpacity=255,lightValue=0,blockResistance=15.0,blockHardness=3.0,needsRandomTick=false,slipperiness=0.6,isCollidable=true,isOpaqueCube=true,material=1,soundId=1,minX=0.0,minY=0.0,minZ=0.0,maxX=1.0,maxY=1.0,maxZ=1.0,renderAsNormal=true,useNeighborBrightness=false;
INSERT INTO `block`(`blockId`,`name`,`lightOpacity`,`lightValue`,`blockResistance`,`blockHardness`,`needsRandomTick`,`slipperiness`,`isCollidable`,`isOpaqueCube`,`material`,`scriptId`,`soundId`,`minX`,`minY`,`minZ`,`maxX`,`maxY`,`maxZ`,`renderAsNormal`,`useNeighborBrightness`) 
    VALUES (74,'tile.oreRedstone',255,9,15.0,3.0,true,0.6,true,true,1,'',1,0.0,0.0,0.0,1.0,1.0,1.0,true,false) 
    ON DUPLICATE KEY UPDATE name='tile.oreRedstone',lightOpacity=255,lightValue=9,blockResistance=15.0,blockHardness=3.0,needsRandomTick=true,slipperiness=0.6,isCollidable=true,isOpaqueCube=true,material=1,soundId=1,minX=0.0,minY=0.0,minZ=0.0,maxX=1.0,maxY=1.0,maxZ=1.0,renderAsNormal=true,useNeighborBrightness=false;
INSERT INTO `block`(`blockId`,`name`,`lightOpacity`,`lightValue`,`blockResistance`,`blockHardness`,`needsRandomTick`,`slipperiness`,`isCollidable`,`isOpaqueCube`,`material`,`scriptId`,`soundId`,`minX`,`minY`,`minZ`,`maxX`,`maxY`,`maxZ`,`renderAsNormal`,`useNeighborBrightness`) 
    VALUES (75,'tile.notGate',0,0,0.0,0.0,true,0.6,true,false,13,'',4,0.0,0.0,0.0,1.0,1.0,1.0,false,true) 
    ON DUPLICATE KEY UPDATE name='tile.notGate',lightOpacity=0,lightValue=0,blockResistance=0.0,blockHardness=0.0,needsRandomTick=true,slipperiness=0.6,isCollidable=true,isOpaqueCube=false,material=13,soundId=4,minX=0.0,minY=0.0,minZ=0.0,maxX=1.0,maxY=1.0,maxZ=1.0,renderAsNormal=false,useNeighborBrightness=true;
INSERT INTO `block`(`blockId`,`name`,`lightOpacity`,`lightValue`,`blockResistance`,`blockHardness`,`needsRandomTick`,`slipperiness`,`isCollidable`,`isOpaqueCube`,`material`,`scriptId`,`soundId`,`minX`,`minY`,`minZ`,`maxX`,`maxY`,`maxZ`,`renderAsNormal`,`useNeighborBrightness`) 
    VALUES (76,'tile.notGate',0,7,0.0,0.0,true,0.6,true,false,13,'',4,0.0,0.0,0.0,1.0,1.0,1.0,false,true) 
    ON DUPLICATE KEY UPDATE name='tile.notGate',lightOpacity=0,lightValue=7,blockResistance=0.0,blockHardness=0.0,needsRandomTick=true,slipperiness=0.6,isCollidable=true,isOpaqueCube=false,material=13,soundId=4,minX=0.0,minY=0.0,minZ=0.0,maxX=1.0,maxY=1.0,maxZ=1.0,renderAsNormal=false,useNeighborBrightness=true;
INSERT INTO `block`(`blockId`,`name`,`lightOpacity`,`lightValue`,`blockResistance`,`blockHardness`,`needsRandomTick`,`slipperiness`,`isCollidable`,`isOpaqueCube`,`material`,`scriptId`,`soundId`,`minX`,`minY`,`minZ`,`maxX`,`maxY`,`maxZ`,`renderAsNormal`,`useNeighborBrightness`) 
    VALUES (77,'tile.button',0,0,2.5,0.5,true,0.6,true,false,13,'',1,0.0,0.0,0.0,1.0,1.0,1.0,false,true) 
    ON DUPLICATE KEY UPDATE name='tile.button',lightOpacity=0,lightValue=0,blockResistance=2.5,blockHardness=0.5,needsRandomTick=true,slipperiness=0.6,isCollidable=true,isOpaqueCube=false,material=13,soundId=1,minX=0.0,minY=0.0,minZ=0.0,maxX=1.0,maxY=1.0,maxZ=1.0,renderAsNormal=false,useNeighborBrightness=true;
INSERT INTO `blocksound`(`soundId`,`name`,`volume`,`modifier`,`stepSound`,`placeSound`,`breakSound`)
    VALUES (11,'UNKNOW',1.0,1.0,'step.snow','dig.snow','dig.snow')
    ON DUPLICATE KEY UPDATE name='UNKNOW',volume=1.0,modifier=1.0,stepSound='step.snow',placeSound='dig.snow',breakSound='dig.snow';
INSERT INTO `material`(`materialId`,`name`,`canBurn`,`replacable`,`translucent`,`requiresNoTool`,`mobilityFlag`)
    VALUES (20,'UNKNOW',false,true,true,true,1)    ON DUPLICATE KEY UPDATE name='UNKNOW',canBurn=false,replacable=true,translucent=true,requiresNoTool=false,mobilityFlag=1;
INSERT INTO `block`(`blockId`,`name`,`lightOpacity`,`lightValue`,`blockResistance`,`blockHardness`,`needsRandomTick`,`slipperiness`,`isCollidable`,`isOpaqueCube`,`material`,`scriptId`,`soundId`,`minX`,`minY`,`minZ`,`maxX`,`maxY`,`maxZ`,`renderAsNormal`,`useNeighborBrightness`) 
    VALUES (78,'tile.snow',0,0,0.5,0.1,true,0.6,true,false,20,'',11,0.0,0.0,0.0,1.0,0.125,1.0,false,true) 
    ON DUPLICATE KEY UPDATE name='tile.snow',lightOpacity=0,lightValue=0,blockResistance=0.5,blockHardness=0.1,needsRandomTick=true,slipperiness=0.6,isCollidable=true,isOpaqueCube=false,material=20,soundId=11,minX=0.0,minY=0.0,minZ=0.0,maxX=1.0,maxY=0.125,maxZ=1.0,renderAsNormal=false,useNeighborBrightness=true;
INSERT INTO `material`(`materialId`,`name`,`canBurn`,`replacable`,`translucent`,`requiresNoTool`,`mobilityFlag`)
    VALUES (21,'UNKNOW',false,false,true,false,0)    ON DUPLICATE KEY UPDATE name='UNKNOW',canBurn=false,replacable=false,translucent=true,requiresNoTool=true,mobilityFlag=0;
INSERT INTO `block`(`blockId`,`name`,`lightOpacity`,`lightValue`,`blockResistance`,`blockHardness`,`needsRandomTick`,`slipperiness`,`isCollidable`,`isOpaqueCube`,`material`,`scriptId`,`soundId`,`minX`,`minY`,`minZ`,`maxX`,`maxY`,`maxZ`,`renderAsNormal`,`useNeighborBrightness`) 
    VALUES (79,'tile.ice',3,0,2.5,0.5,true,0.98,true,false,21,'',7,0.0,0.0,0.0,1.0,1.0,1.0,true,false) 
    ON DUPLICATE KEY UPDATE name='tile.ice',lightOpacity=3,lightValue=0,blockResistance=2.5,blockHardness=0.5,needsRandomTick=true,slipperiness=0.98,isCollidable=true,isOpaqueCube=false,material=21,soundId=7,minX=0.0,minY=0.0,minZ=0.0,maxX=1.0,maxY=1.0,maxZ=1.0,renderAsNormal=true,useNeighborBrightness=false;
INSERT INTO `material`(`materialId`,`name`,`canBurn`,`replacable`,`translucent`,`requiresNoTool`,`mobilityFlag`)
    VALUES (22,'UNKNOW',false,false,false,true,0)    ON DUPLICATE KEY UPDATE name='UNKNOW',canBurn=false,replacable=false,translucent=false,requiresNoTool=false,mobilityFlag=0;
INSERT INTO `block`(`blockId`,`name`,`lightOpacity`,`lightValue`,`blockResistance`,`blockHardness`,`needsRandomTick`,`slipperiness`,`isCollidable`,`isOpaqueCube`,`material`,`scriptId`,`soundId`,`minX`,`minY`,`minZ`,`maxX`,`maxY`,`maxZ`,`renderAsNormal`,`useNeighborBrightness`) 
    VALUES (80,'tile.snow',255,0,1.0,0.2,true,0.6,true,true,22,'',11,0.0,0.0,0.0,1.0,1.0,1.0,true,false) 
    ON DUPLICATE KEY UPDATE name='tile.snow',lightOpacity=255,lightValue=0,blockResistance=1.0,blockHardness=0.2,needsRandomTick=true,slipperiness=0.6,isCollidable=true,isOpaqueCube=true,material=22,soundId=11,minX=0.0,minY=0.0,minZ=0.0,maxX=1.0,maxY=1.0,maxZ=1.0,renderAsNormal=true,useNeighborBrightness=false;
INSERT INTO `material`(`materialId`,`name`,`canBurn`,`replacable`,`translucent`,`requiresNoTool`,`mobilityFlag`)
    VALUES (23,'UNKNOW',false,false,true,false,1)    ON DUPLICATE KEY UPDATE name='UNKNOW',canBurn=false,replacable=false,translucent=true,requiresNoTool=true,mobilityFlag=1;
INSERT INTO `block`(`blockId`,`name`,`lightOpacity`,`lightValue`,`blockResistance`,`blockHardness`,`needsRandomTick`,`slipperiness`,`isCollidable`,`isOpaqueCube`,`material`,`scriptId`,`soundId`,`minX`,`minY`,`minZ`,`maxX`,`maxY`,`maxZ`,`renderAsNormal`,`useNeighborBrightness`) 
    VALUES (81,'tile.cactus',0,0,2.0,0.4,true,0.6,true,false,23,'',9,0.0,0.0,0.0,1.0,1.0,1.0,false,true) 
    ON DUPLICATE KEY UPDATE name='tile.cactus',lightOpacity=0,lightValue=0,blockResistance=2.0,blockHardness=0.4,needsRandomTick=true,slipperiness=0.6,isCollidable=true,isOpaqueCube=false,material=23,soundId=9,minX=0.0,minY=0.0,minZ=0.0,maxX=1.0,maxY=1.0,maxZ=1.0,renderAsNormal=false,useNeighborBrightness=true;
INSERT INTO `material`(`materialId`,`name`,`canBurn`,`replacable`,`translucent`,`requiresNoTool`,`mobilityFlag`)
    VALUES (24,'UNKNOW',false,false,false,false,0)    ON DUPLICATE KEY UPDATE name='UNKNOW',canBurn=false,replacable=false,translucent=false,requiresNoTool=true,mobilityFlag=0;
INSERT INTO `block`(`blockId`,`name`,`lightOpacity`,`lightValue`,`blockResistance`,`blockHardness`,`needsRandomTick`,`slipperiness`,`isCollidable`,`isOpaqueCube`,`material`,`scriptId`,`soundId`,`minX`,`minY`,`minZ`,`maxX`,`maxY`,`maxZ`,`renderAsNormal`,`useNeighborBrightness`) 
    VALUES (82,'tile.clay',255,0,3.0,0.6,false,0.6,true,true,24,'',3,0.0,0.0,0.0,1.0,1.0,1.0,true,false) 
    ON DUPLICATE KEY UPDATE name='tile.clay',lightOpacity=255,lightValue=0,blockResistance=3.0,blockHardness=0.6,needsRandomTick=false,slipperiness=0.6,isCollidable=true,isOpaqueCube=true,material=24,soundId=3,minX=0.0,minY=0.0,minZ=0.0,maxX=1.0,maxY=1.0,maxZ=1.0,renderAsNormal=true,useNeighborBrightness=false;
INSERT INTO `block`(`blockId`,`name`,`lightOpacity`,`lightValue`,`blockResistance`,`blockHardness`,`needsRandomTick`,`slipperiness`,`isCollidable`,`isOpaqueCube`,`material`,`scriptId`,`soundId`,`minX`,`minY`,`minZ`,`maxX`,`maxY`,`maxZ`,`renderAsNormal`,`useNeighborBrightness`) 
    VALUES (83,'tile.reeds',0,0,0.0,0.0,true,0.6,true,false,5,'',2,0.125,0.0,0.125,0.875,1.0,0.875,false,true) 
    ON DUPLICATE KEY UPDATE name='tile.reeds',lightOpacity=0,lightValue=0,blockResistance=0.0,blockHardness=0.0,needsRandomTick=true,slipperiness=0.6,isCollidable=true,isOpaqueCube=false,material=5,soundId=2,minX=0.125,minY=0.0,minZ=0.125,maxX=0.875,maxY=1.0,maxZ=0.875,renderAsNormal=false,useNeighborBrightness=true;
INSERT INTO `block`(`blockId`,`name`,`lightOpacity`,`lightValue`,`blockResistance`,`blockHardness`,`needsRandomTick`,`slipperiness`,`isCollidable`,`isOpaqueCube`,`material`,`scriptId`,`soundId`,`minX`,`minY`,`minZ`,`maxX`,`maxY`,`maxZ`,`renderAsNormal`,`useNeighborBrightness`) 
    VALUES (84,'tile.jukebox',255,0,30.0,2.0,false,0.6,true,true,4,'',1,0.0,0.0,0.0,1.0,1.0,1.0,true,false) 
    ON DUPLICATE KEY UPDATE name='tile.jukebox',lightOpacity=255,lightValue=0,blockResistance=30.0,blockHardness=2.0,needsRandomTick=false,slipperiness=0.6,isCollidable=true,isOpaqueCube=true,material=4,soundId=1,minX=0.0,minY=0.0,minZ=0.0,maxX=1.0,maxY=1.0,maxZ=1.0,renderAsNormal=true,useNeighborBrightness=false;
INSERT INTO `block`(`blockId`,`name`,`lightOpacity`,`lightValue`,`blockResistance`,`blockHardness`,`needsRandomTick`,`slipperiness`,`isCollidable`,`isOpaqueCube`,`material`,`scriptId`,`soundId`,`minX`,`minY`,`minZ`,`maxX`,`maxY`,`maxZ`,`renderAsNormal`,`useNeighborBrightness`) 
    VALUES (85,'tile.fence',0,0,15.0,2.0,false,0.6,true,false,4,'',4,0.0,0.0,0.0,1.0,1.0,1.0,false,true) 
    ON DUPLICATE KEY UPDATE name='tile.fence',lightOpacity=0,lightValue=0,blockResistance=15.0,blockHardness=2.0,needsRandomTick=false,slipperiness=0.6,isCollidable=true,isOpaqueCube=false,material=4,soundId=4,minX=0.0,minY=0.0,minZ=0.0,maxX=1.0,maxY=1.0,maxZ=1.0,renderAsNormal=false,useNeighborBrightness=true;
INSERT INTO `material`(`materialId`,`name`,`canBurn`,`replacable`,`translucent`,`requiresNoTool`,`mobilityFlag`)
    VALUES (25,'UNKNOW',false,false,false,false,1)    ON DUPLICATE KEY UPDATE name='UNKNOW',canBurn=false,replacable=false,translucent=false,requiresNoTool=true,mobilityFlag=1;
INSERT INTO `block`(`blockId`,`name`,`lightOpacity`,`lightValue`,`blockResistance`,`blockHardness`,`needsRandomTick`,`slipperiness`,`isCollidable`,`isOpaqueCube`,`material`,`scriptId`,`soundId`,`minX`,`minY`,`minZ`,`maxX`,`maxY`,`maxZ`,`renderAsNormal`,`useNeighborBrightness`) 
    VALUES (86,'tile.pumpkin',255,0,5.0,1.0,true,0.6,true,true,25,'',4,0.0,0.0,0.0,1.0,1.0,1.0,true,false) 
    ON DUPLICATE KEY UPDATE name='tile.pumpkin',lightOpacity=255,lightValue=0,blockResistance=5.0,blockHardness=1.0,needsRandomTick=true,slipperiness=0.6,isCollidable=true,isOpaqueCube=true,material=25,soundId=4,minX=0.0,minY=0.0,minZ=0.0,maxX=1.0,maxY=1.0,maxZ=1.0,renderAsNormal=true,useNeighborBrightness=false;
INSERT INTO `block`(`blockId`,`name`,`lightOpacity`,`lightValue`,`blockResistance`,`blockHardness`,`needsRandomTick`,`slipperiness`,`isCollidable`,`isOpaqueCube`,`material`,`scriptId`,`soundId`,`minX`,`minY`,`minZ`,`maxX`,`maxY`,`maxZ`,`renderAsNormal`,`useNeighborBrightness`) 
    VALUES (87,'tile.hellrock',255,0,2.0,0.4,false,0.6,true,true,1,'',1,0.0,0.0,0.0,1.0,1.0,1.0,true,false) 
    ON DUPLICATE KEY UPDATE name='tile.hellrock',lightOpacity=255,lightValue=0,blockResistance=2.0,blockHardness=0.4,needsRandomTick=false,slipperiness=0.6,isCollidable=true,isOpaqueCube=true,material=1,soundId=1,minX=0.0,minY=0.0,minZ=0.0,maxX=1.0,maxY=1.0,maxZ=1.0,renderAsNormal=true,useNeighborBrightness=false;
INSERT INTO `block`(`blockId`,`name`,`lightOpacity`,`lightValue`,`blockResistance`,`blockHardness`,`needsRandomTick`,`slipperiness`,`isCollidable`,`isOpaqueCube`,`material`,`scriptId`,`soundId`,`minX`,`minY`,`minZ`,`maxX`,`maxY`,`maxZ`,`renderAsNormal`,`useNeighborBrightness`) 
    VALUES (88,'tile.hellsand',255,0,2.5,0.5,false,0.6,true,true,8,'',6,0.0,0.0,0.0,1.0,1.0,1.0,true,false) 
    ON DUPLICATE KEY UPDATE name='tile.hellsand',lightOpacity=255,lightValue=0,blockResistance=2.5,blockHardness=0.5,needsRandomTick=false,slipperiness=0.6,isCollidable=true,isOpaqueCube=true,material=8,soundId=6,minX=0.0,minY=0.0,minZ=0.0,maxX=1.0,maxY=1.0,maxZ=1.0,renderAsNormal=true,useNeighborBrightness=false;
INSERT INTO `block`(`blockId`,`name`,`lightOpacity`,`lightValue`,`blockResistance`,`blockHardness`,`needsRandomTick`,`slipperiness`,`isCollidable`,`isOpaqueCube`,`material`,`scriptId`,`soundId`,`minX`,`minY`,`minZ`,`maxX`,`maxY`,`maxZ`,`renderAsNormal`,`useNeighborBrightness`) 
    VALUES (89,'tile.lightgem',255,15,1.5,0.3,false,0.6,true,true,11,'',7,0.0,0.0,0.0,1.0,1.0,1.0,true,false) 
    ON DUPLICATE KEY UPDATE name='tile.lightgem',lightOpacity=255,lightValue=15,blockResistance=1.5,blockHardness=0.3,needsRandomTick=false,slipperiness=0.6,isCollidable=true,isOpaqueCube=true,material=11,soundId=7,minX=0.0,minY=0.0,minZ=0.0,maxX=1.0,maxY=1.0,maxZ=1.0,renderAsNormal=true,useNeighborBrightness=false;
INSERT INTO `material`(`materialId`,`name`,`canBurn`,`replacable`,`translucent`,`requiresNoTool`,`mobilityFlag`)
    VALUES (26,'UNKNOW',false,false,true,false,2)    ON DUPLICATE KEY UPDATE name='UNKNOW',canBurn=false,replacable=false,translucent=true,requiresNoTool=true,mobilityFlag=2;
INSERT INTO `block`(`blockId`,`name`,`lightOpacity`,`lightValue`,`blockResistance`,`blockHardness`,`needsRandomTick`,`slipperiness`,`isCollidable`,`isOpaqueCube`,`material`,`scriptId`,`soundId`,`minX`,`minY`,`minZ`,`maxX`,`maxY`,`maxZ`,`renderAsNormal`,`useNeighborBrightness`) 
    VALUES (90,'tile.portal',0,11,0.0,-1.0,true,0.6,true,false,26,'',7,0.0,0.0,0.0,1.0,1.0,1.0,false,true) 
    ON DUPLICATE KEY UPDATE name='tile.portal',lightOpacity=0,lightValue=11,blockResistance=0.0,blockHardness=-1.0,needsRandomTick=true,slipperiness=0.6,isCollidable=true,isOpaqueCube=false,material=26,soundId=7,minX=0.0,minY=0.0,minZ=0.0,maxX=1.0,maxY=1.0,maxZ=1.0,renderAsNormal=false,useNeighborBrightness=true;
INSERT INTO `block`(`blockId`,`name`,`lightOpacity`,`lightValue`,`blockResistance`,`blockHardness`,`needsRandomTick`,`slipperiness`,`isCollidable`,`isOpaqueCube`,`material`,`scriptId`,`soundId`,`minX`,`minY`,`minZ`,`maxX`,`maxY`,`maxZ`,`renderAsNormal`,`useNeighborBrightness`) 
    VALUES (91,'tile.litpumpkin',255,15,5.0,1.0,true,0.6,true,true,25,'',4,0.0,0.0,0.0,1.0,1.0,1.0,true,false) 
    ON DUPLICATE KEY UPDATE name='tile.litpumpkin',lightOpacity=255,lightValue=15,blockResistance=5.0,blockHardness=1.0,needsRandomTick=true,slipperiness=0.6,isCollidable=true,isOpaqueCube=true,material=25,soundId=4,minX=0.0,minY=0.0,minZ=0.0,maxX=1.0,maxY=1.0,maxZ=1.0,renderAsNormal=true,useNeighborBrightness=false;
INSERT INTO `material`(`materialId`,`name`,`canBurn`,`replacable`,`translucent`,`requiresNoTool`,`mobilityFlag`)
    VALUES (27,'UNKNOW',false,false,false,false,1)    ON DUPLICATE KEY UPDATE name='UNKNOW',canBurn=false,replacable=false,translucent=false,requiresNoTool=true,mobilityFlag=1;
INSERT INTO `block`(`blockId`,`name`,`lightOpacity`,`lightValue`,`blockResistance`,`blockHardness`,`needsRandomTick`,`slipperiness`,`isCollidable`,`isOpaqueCube`,`material`,`scriptId`,`soundId`,`minX`,`minY`,`minZ`,`maxX`,`maxY`,`maxZ`,`renderAsNormal`,`useNeighborBrightness`) 
    VALUES (92,'tile.cake',0,0,2.5,0.5,true,0.6,true,false,27,'',9,0.0,0.0,0.0,1.0,1.0,1.0,false,true) 
    ON DUPLICATE KEY UPDATE name='tile.cake',lightOpacity=0,lightValue=0,blockResistance=2.5,blockHardness=0.5,needsRandomTick=true,slipperiness=0.6,isCollidable=true,isOpaqueCube=false,material=27,soundId=9,minX=0.0,minY=0.0,minZ=0.0,maxX=1.0,maxY=1.0,maxZ=1.0,renderAsNormal=false,useNeighborBrightness=true;
INSERT INTO `block`(`blockId`,`name`,`lightOpacity`,`lightValue`,`blockResistance`,`blockHardness`,`needsRandomTick`,`slipperiness`,`isCollidable`,`isOpaqueCube`,`material`,`scriptId`,`soundId`,`minX`,`minY`,`minZ`,`maxX`,`maxY`,`maxZ`,`renderAsNormal`,`useNeighborBrightness`) 
    VALUES (93,'tile.diode',0,0,0.0,0.0,false,0.6,true,false,13,'',4,0.0,0.0,0.0,1.0,0.125,1.0,false,true) 
    ON DUPLICATE KEY UPDATE name='tile.diode',lightOpacity=0,lightValue=0,blockResistance=0.0,blockHardness=0.0,needsRandomTick=false,slipperiness=0.6,isCollidable=true,isOpaqueCube=false,material=13,soundId=4,minX=0.0,minY=0.0,minZ=0.0,maxX=1.0,maxY=0.125,maxZ=1.0,renderAsNormal=false,useNeighborBrightness=true;
INSERT INTO `block`(`blockId`,`name`,`lightOpacity`,`lightValue`,`blockResistance`,`blockHardness`,`needsRandomTick`,`slipperiness`,`isCollidable`,`isOpaqueCube`,`material`,`scriptId`,`soundId`,`minX`,`minY`,`minZ`,`maxX`,`maxY`,`maxZ`,`renderAsNormal`,`useNeighborBrightness`) 
    VALUES (94,'tile.diode',0,9,0.0,0.0,false,0.6,true,false,13,'',4,0.0,0.0,0.0,1.0,0.125,1.0,false,true) 
    ON DUPLICATE KEY UPDATE name='tile.diode',lightOpacity=0,lightValue=9,blockResistance=0.0,blockHardness=0.0,needsRandomTick=false,slipperiness=0.6,isCollidable=true,isOpaqueCube=false,material=13,soundId=4,minX=0.0,minY=0.0,minZ=0.0,maxX=1.0,maxY=0.125,maxZ=1.0,renderAsNormal=false,useNeighborBrightness=true;
INSERT INTO `block`(`blockId`,`name`,`lightOpacity`,`lightValue`,`blockResistance`,`blockHardness`,`needsRandomTick`,`slipperiness`,`isCollidable`,`isOpaqueCube`,`material`,`scriptId`,`soundId`,`minX`,`minY`,`minZ`,`maxX`,`maxY`,`maxZ`,`renderAsNormal`,`useNeighborBrightness`) 
    VALUES (95,'tile.lockedchest',255,15,0.0,0.0,true,0.6,true,true,4,'',4,0.0,0.0,0.0,1.0,1.0,1.0,true,false) 
    ON DUPLICATE KEY UPDATE name='tile.lockedchest',lightOpacity=255,lightValue=15,blockResistance=0.0,blockHardness=0.0,needsRandomTick=true,slipperiness=0.6,isCollidable=true,isOpaqueCube=true,material=4,soundId=4,minX=0.0,minY=0.0,minZ=0.0,maxX=1.0,maxY=1.0,maxZ=1.0,renderAsNormal=true,useNeighborBrightness=false;
INSERT INTO `block`(`blockId`,`name`,`lightOpacity`,`lightValue`,`blockResistance`,`blockHardness`,`needsRandomTick`,`slipperiness`,`isCollidable`,`isOpaqueCube`,`material`,`scriptId`,`soundId`,`minX`,`minY`,`minZ`,`maxX`,`maxY`,`maxZ`,`renderAsNormal`,`useNeighborBrightness`) 
    VALUES (96,'tile.trapdoor',0,0,15.0,3.0,false,0.6,true,false,4,'',4,0.0,0.0,0.0,1.0,1.0,1.0,false,true) 
    ON DUPLICATE KEY UPDATE name='tile.trapdoor',lightOpacity=0,lightValue=0,blockResistance=15.0,blockHardness=3.0,needsRandomTick=false,slipperiness=0.6,isCollidable=true,isOpaqueCube=false,material=4,soundId=4,minX=0.0,minY=0.0,minZ=0.0,maxX=1.0,maxY=1.0,maxZ=1.0,renderAsNormal=false,useNeighborBrightness=true;
INSERT INTO `block`(`blockId`,`name`,`lightOpacity`,`lightValue`,`blockResistance`,`blockHardness`,`needsRandomTick`,`slipperiness`,`isCollidable`,`isOpaqueCube`,`material`,`scriptId`,`soundId`,`minX`,`minY`,`minZ`,`maxX`,`maxY`,`maxZ`,`renderAsNormal`,`useNeighborBrightness`) 
    VALUES (97,'tile.monsterStoneEgg',255,0,3.75,0.75,false,0.6,true,true,24,'',5,0.0,0.0,0.0,1.0,1.0,1.0,true,false) 
    ON DUPLICATE KEY UPDATE name='tile.monsterStoneEgg',lightOpacity=255,lightValue=0,blockResistance=3.75,blockHardness=0.75,needsRandomTick=false,slipperiness=0.6,isCollidable=true,isOpaqueCube=true,material=24,soundId=5,minX=0.0,minY=0.0,minZ=0.0,maxX=1.0,maxY=1.0,maxZ=1.0,renderAsNormal=true,useNeighborBrightness=false;
INSERT INTO `block`(`blockId`,`name`,`lightOpacity`,`lightValue`,`blockResistance`,`blockHardness`,`needsRandomTick`,`slipperiness`,`isCollidable`,`isOpaqueCube`,`material`,`scriptId`,`soundId`,`minX`,`minY`,`minZ`,`maxX`,`maxY`,`maxZ`,`renderAsNormal`,`useNeighborBrightness`) 
    VALUES (98,'tile.stonebricksmooth',255,0,30.0,1.5,false,0.6,true,true,1,'',1,0.0,0.0,0.0,1.0,1.0,1.0,true,false) 
    ON DUPLICATE KEY UPDATE name='tile.stonebricksmooth',lightOpacity=255,lightValue=0,blockResistance=30.0,blockHardness=1.5,needsRandomTick=false,slipperiness=0.6,isCollidable=true,isOpaqueCube=true,material=1,soundId=1,minX=0.0,minY=0.0,minZ=0.0,maxX=1.0,maxY=1.0,maxZ=1.0,renderAsNormal=true,useNeighborBrightness=false;
INSERT INTO `block`(`blockId`,`name`,`lightOpacity`,`lightValue`,`blockResistance`,`blockHardness`,`needsRandomTick`,`slipperiness`,`isCollidable`,`isOpaqueCube`,`material`,`scriptId`,`soundId`,`minX`,`minY`,`minZ`,`maxX`,`maxY`,`maxZ`,`renderAsNormal`,`useNeighborBrightness`) 
    VALUES (99,'tile.mushroom',255,0,1.0,0.2,false,0.6,true,true,4,'',4,0.0,0.0,0.0,1.0,1.0,1.0,true,false) 
    ON DUPLICATE KEY UPDATE name='tile.mushroom',lightOpacity=255,lightValue=0,blockResistance=1.0,blockHardness=0.2,needsRandomTick=false,slipperiness=0.6,isCollidable=true,isOpaqueCube=true,material=4,soundId=4,minX=0.0,minY=0.0,minZ=0.0,maxX=1.0,maxY=1.0,maxZ=1.0,renderAsNormal=true,useNeighborBrightness=false;
INSERT INTO `block`(`blockId`,`name`,`lightOpacity`,`lightValue`,`blockResistance`,`blockHardness`,`needsRandomTick`,`slipperiness`,`isCollidable`,`isOpaqueCube`,`material`,`scriptId`,`soundId`,`minX`,`minY`,`minZ`,`maxX`,`maxY`,`maxZ`,`renderAsNormal`,`useNeighborBrightness`) 
    VALUES (100,'tile.mushroom',255,0,1.0,0.2,false,0.6,true,true,4,'',4,0.0,0.0,0.0,1.0,1.0,1.0,true,false) 
    ON DUPLICATE KEY UPDATE name='tile.mushroom',lightOpacity=255,lightValue=0,blockResistance=1.0,blockHardness=0.2,needsRandomTick=false,slipperiness=0.6,isCollidable=true,isOpaqueCube=true,material=4,soundId=4,minX=0.0,minY=0.0,minZ=0.0,maxX=1.0,maxY=1.0,maxZ=1.0,renderAsNormal=true,useNeighborBrightness=false;
INSERT INTO `block`(`blockId`,`name`,`lightOpacity`,`lightValue`,`blockResistance`,`blockHardness`,`needsRandomTick`,`slipperiness`,`isCollidable`,`isOpaqueCube`,`material`,`scriptId`,`soundId`,`minX`,`minY`,`minZ`,`maxX`,`maxY`,`maxZ`,`renderAsNormal`,`useNeighborBrightness`) 
    VALUES (101,'tile.fenceIron',0,0,30.0,5.0,false,0.6,true,false,17,'',8,0.0,0.0,0.0,1.0,1.0,1.0,false,true) 
    ON DUPLICATE KEY UPDATE name='tile.fenceIron',lightOpacity=0,lightValue=0,blockResistance=30.0,blockHardness=5.0,needsRandomTick=false,slipperiness=0.6,isCollidable=true,isOpaqueCube=false,material=17,soundId=8,minX=0.0,minY=0.0,minZ=0.0,maxX=1.0,maxY=1.0,maxZ=1.0,renderAsNormal=false,useNeighborBrightness=true;
INSERT INTO `block`(`blockId`,`name`,`lightOpacity`,`lightValue`,`blockResistance`,`blockHardness`,`needsRandomTick`,`slipperiness`,`isCollidable`,`isOpaqueCube`,`material`,`scriptId`,`soundId`,`minX`,`minY`,`minZ`,`maxX`,`maxY`,`maxZ`,`renderAsNormal`,`useNeighborBrightness`) 
    VALUES (102,'tile.thinGlass',0,0,1.5,0.3,false,0.6,true,false,11,'',7,0.0,0.0,0.0,1.0,1.0,1.0,false,true) 
    ON DUPLICATE KEY UPDATE name='tile.thinGlass',lightOpacity=0,lightValue=0,blockResistance=1.5,blockHardness=0.3,needsRandomTick=false,slipperiness=0.6,isCollidable=true,isOpaqueCube=false,material=11,soundId=7,minX=0.0,minY=0.0,minZ=0.0,maxX=1.0,maxY=1.0,maxZ=1.0,renderAsNormal=false,useNeighborBrightness=true;
INSERT INTO `block`(`blockId`,`name`,`lightOpacity`,`lightValue`,`blockResistance`,`blockHardness`,`needsRandomTick`,`slipperiness`,`isCollidable`,`isOpaqueCube`,`material`,`scriptId`,`soundId`,`minX`,`minY`,`minZ`,`maxX`,`maxY`,`maxZ`,`renderAsNormal`,`useNeighborBrightness`) 
    VALUES (103,'tile.melon',255,0,5.0,1.0,false,0.6,true,true,25,'',4,0.0,0.0,0.0,1.0,1.0,1.0,true,false) 
    ON DUPLICATE KEY UPDATE name='tile.melon',lightOpacity=255,lightValue=0,blockResistance=5.0,blockHardness=1.0,needsRandomTick=false,slipperiness=0.6,isCollidable=true,isOpaqueCube=true,material=25,soundId=4,minX=0.0,minY=0.0,minZ=0.0,maxX=1.0,maxY=1.0,maxZ=1.0,renderAsNormal=true,useNeighborBrightness=false;
INSERT INTO `block`(`blockId`,`name`,`lightOpacity`,`lightValue`,`blockResistance`,`blockHardness`,`needsRandomTick`,`slipperiness`,`isCollidable`,`isOpaqueCube`,`material`,`scriptId`,`soundId`,`minX`,`minY`,`minZ`,`maxX`,`maxY`,`maxZ`,`renderAsNormal`,`useNeighborBrightness`) 
    VALUES (104,'tile.pumpkinStem',0,0,0.0,0.0,true,0.6,true,false,5,'',4,0.375,0.0,0.375,0.625,0.25,0.625,false,true) 
    ON DUPLICATE KEY UPDATE name='tile.pumpkinStem',lightOpacity=0,lightValue=0,blockResistance=0.0,blockHardness=0.0,needsRandomTick=true,slipperiness=0.6,isCollidable=true,isOpaqueCube=false,material=5,soundId=4,minX=0.375,minY=0.0,minZ=0.375,maxX=0.625,maxY=0.25,maxZ=0.625,renderAsNormal=false,useNeighborBrightness=true;
INSERT INTO `block`(`blockId`,`name`,`lightOpacity`,`lightValue`,`blockResistance`,`blockHardness`,`needsRandomTick`,`slipperiness`,`isCollidable`,`isOpaqueCube`,`material`,`scriptId`,`soundId`,`minX`,`minY`,`minZ`,`maxX`,`maxY`,`maxZ`,`renderAsNormal`,`useNeighborBrightness`) 
    VALUES (105,'tile.pumpkinStem',0,0,0.0,0.0,true,0.6,true,false,5,'',4,0.375,0.0,0.375,0.625,0.25,0.625,false,true) 
    ON DUPLICATE KEY UPDATE name='tile.pumpkinStem',lightOpacity=0,lightValue=0,blockResistance=0.0,blockHardness=0.0,needsRandomTick=true,slipperiness=0.6,isCollidable=true,isOpaqueCube=false,material=5,soundId=4,minX=0.375,minY=0.0,minZ=0.375,maxX=0.625,maxY=0.25,maxZ=0.625,renderAsNormal=false,useNeighborBrightness=true;
INSERT INTO `block`(`blockId`,`name`,`lightOpacity`,`lightValue`,`blockResistance`,`blockHardness`,`needsRandomTick`,`slipperiness`,`isCollidable`,`isOpaqueCube`,`material`,`scriptId`,`soundId`,`minX`,`minY`,`minZ`,`maxX`,`maxY`,`maxZ`,`renderAsNormal`,`useNeighborBrightness`) 
    VALUES (106,'tile.vine',0,0,1.0,0.2,true,0.6,true,false,16,'',2,0.0,0.0,0.0,1.0,1.0,1.0,false,true) 
    ON DUPLICATE KEY UPDATE name='tile.vine',lightOpacity=0,lightValue=0,blockResistance=1.0,blockHardness=0.2,needsRandomTick=true,slipperiness=0.6,isCollidable=true,isOpaqueCube=false,material=16,soundId=2,minX=0.0,minY=0.0,minZ=0.0,maxX=1.0,maxY=1.0,maxZ=1.0,renderAsNormal=false,useNeighborBrightness=true;
INSERT INTO `block`(`blockId`,`name`,`lightOpacity`,`lightValue`,`blockResistance`,`blockHardness`,`needsRandomTick`,`slipperiness`,`isCollidable`,`isOpaqueCube`,`material`,`scriptId`,`soundId`,`minX`,`minY`,`minZ`,`maxX`,`maxY`,`maxZ`,`renderAsNormal`,`useNeighborBrightness`) 
    VALUES (107,'tile.fenceGate',0,0,15.0,2.0,false,0.6,true,false,4,'',4,0.0,0.0,0.0,1.0,1.0,1.0,false,true) 
    ON DUPLICATE KEY UPDATE name='tile.fenceGate',lightOpacity=0,lightValue=0,blockResistance=15.0,blockHardness=2.0,needsRandomTick=false,slipperiness=0.6,isCollidable=true,isOpaqueCube=false,material=4,soundId=4,minX=0.0,minY=0.0,minZ=0.0,maxX=1.0,maxY=1.0,maxZ=1.0,renderAsNormal=false,useNeighborBrightness=true;
INSERT INTO `block`(`blockId`,`name`,`lightOpacity`,`lightValue`,`blockResistance`,`blockHardness`,`needsRandomTick`,`slipperiness`,`isCollidable`,`isOpaqueCube`,`material`,`scriptId`,`soundId`,`minX`,`minY`,`minZ`,`maxX`,`maxY`,`maxZ`,`renderAsNormal`,`useNeighborBrightness`) 
    VALUES (108,'tile.stairsBrick',255,0,30.0,2.0,false,0.6,true,false,1,'',1,0.0,0.0,0.0,1.0,1.0,1.0,false,true) 
    ON DUPLICATE KEY UPDATE name='tile.stairsBrick',lightOpacity=255,lightValue=0,blockResistance=30.0,blockHardness=2.0,needsRandomTick=false,slipperiness=0.6,isCollidable=true,isOpaqueCube=false,material=1,soundId=1,minX=0.0,minY=0.0,minZ=0.0,maxX=1.0,maxY=1.0,maxZ=1.0,renderAsNormal=false,useNeighborBrightness=true;
INSERT INTO `block`(`blockId`,`name`,`lightOpacity`,`lightValue`,`blockResistance`,`blockHardness`,`needsRandomTick`,`slipperiness`,`isCollidable`,`isOpaqueCube`,`material`,`scriptId`,`soundId`,`minX`,`minY`,`minZ`,`maxX`,`maxY`,`maxZ`,`renderAsNormal`,`useNeighborBrightness`) 
    VALUES (109,'tile.stairsStoneBrickSmooth',255,0,30.0,1.5,false,0.6,true,false,1,'',1,0.0,0.0,0.0,1.0,1.0,1.0,false,true) 
    ON DUPLICATE KEY UPDATE name='tile.stairsStoneBrickSmooth',lightOpacity=255,lightValue=0,blockResistance=30.0,blockHardness=1.5,needsRandomTick=false,slipperiness=0.6,isCollidable=true,isOpaqueCube=false,material=1,soundId=1,minX=0.0,minY=0.0,minZ=0.0,maxX=1.0,maxY=1.0,maxZ=1.0,renderAsNormal=false,useNeighborBrightness=true;
INSERT INTO `block`(`blockId`,`name`,`lightOpacity`,`lightValue`,`blockResistance`,`blockHardness`,`needsRandomTick`,`slipperiness`,`isCollidable`,`isOpaqueCube`,`material`,`scriptId`,`soundId`,`minX`,`minY`,`minZ`,`maxX`,`maxY`,`maxZ`,`renderAsNormal`,`useNeighborBrightness`) 
    VALUES (110,'tile.mycel',255,0,3.0,0.6,true,0.6,true,true,2,'',2,0.0,0.0,0.0,1.0,1.0,1.0,true,false) 
    ON DUPLICATE KEY UPDATE name='tile.mycel',lightOpacity=255,lightValue=0,blockResistance=3.0,blockHardness=0.6,needsRandomTick=true,slipperiness=0.6,isCollidable=true,isOpaqueCube=true,material=2,soundId=2,minX=0.0,minY=0.0,minZ=0.0,maxX=1.0,maxY=1.0,maxZ=1.0,renderAsNormal=true,useNeighborBrightness=false;
INSERT INTO `block`(`blockId`,`name`,`lightOpacity`,`lightValue`,`blockResistance`,`blockHardness`,`needsRandomTick`,`slipperiness`,`isCollidable`,`isOpaqueCube`,`material`,`scriptId`,`soundId`,`minX`,`minY`,`minZ`,`maxX`,`maxY`,`maxZ`,`renderAsNormal`,`useNeighborBrightness`) 
    VALUES (111,'tile.waterlily',0,0,0.0,0.0,true,0.6,true,false,5,'',2,0.0,0.0,0.0,1.0,0.015625,1.0,false,true) 
    ON DUPLICATE KEY UPDATE name='tile.waterlily',lightOpacity=0,lightValue=0,blockResistance=0.0,blockHardness=0.0,needsRandomTick=true,slipperiness=0.6,isCollidable=true,isOpaqueCube=false,material=5,soundId=2,minX=0.0,minY=0.0,minZ=0.0,maxX=1.0,maxY=0.015625,maxZ=1.0,renderAsNormal=false,useNeighborBrightness=true;
INSERT INTO `block`(`blockId`,`name`,`lightOpacity`,`lightValue`,`blockResistance`,`blockHardness`,`needsRandomTick`,`slipperiness`,`isCollidable`,`isOpaqueCube`,`material`,`scriptId`,`soundId`,`minX`,`minY`,`minZ`,`maxX`,`maxY`,`maxZ`,`renderAsNormal`,`useNeighborBrightness`) 
    VALUES (112,'tile.netherBrick',255,0,30.0,2.0,false,0.6,true,true,1,'',1,0.0,0.0,0.0,1.0,1.0,1.0,true,false) 
    ON DUPLICATE KEY UPDATE name='tile.netherBrick',lightOpacity=255,lightValue=0,blockResistance=30.0,blockHardness=2.0,needsRandomTick=false,slipperiness=0.6,isCollidable=true,isOpaqueCube=true,material=1,soundId=1,minX=0.0,minY=0.0,minZ=0.0,maxX=1.0,maxY=1.0,maxZ=1.0,renderAsNormal=true,useNeighborBrightness=false;
INSERT INTO `block`(`blockId`,`name`,`lightOpacity`,`lightValue`,`blockResistance`,`blockHardness`,`needsRandomTick`,`slipperiness`,`isCollidable`,`isOpaqueCube`,`material`,`scriptId`,`soundId`,`minX`,`minY`,`minZ`,`maxX`,`maxY`,`maxZ`,`renderAsNormal`,`useNeighborBrightness`) 
    VALUES (113,'tile.netherFence',0,0,30.0,2.0,false,0.6,true,false,1,'',1,0.0,0.0,0.0,1.0,1.0,1.0,false,true) 
    ON DUPLICATE KEY UPDATE name='tile.netherFence',lightOpacity=0,lightValue=0,blockResistance=30.0,blockHardness=2.0,needsRandomTick=false,slipperiness=0.6,isCollidable=true,isOpaqueCube=false,material=1,soundId=1,minX=0.0,minY=0.0,minZ=0.0,maxX=1.0,maxY=1.0,maxZ=1.0,renderAsNormal=false,useNeighborBrightness=true;
INSERT INTO `block`(`blockId`,`name`,`lightOpacity`,`lightValue`,`blockResistance`,`blockHardness`,`needsRandomTick`,`slipperiness`,`isCollidable`,`isOpaqueCube`,`material`,`scriptId`,`soundId`,`minX`,`minY`,`minZ`,`maxX`,`maxY`,`maxZ`,`renderAsNormal`,`useNeighborBrightness`) 
    VALUES (114,'tile.stairsNetherBrick',255,0,30.0,2.0,false,0.6,true,false,1,'',1,0.0,0.0,0.0,1.0,1.0,1.0,false,true) 
    ON DUPLICATE KEY UPDATE name='tile.stairsNetherBrick',lightOpacity=255,lightValue=0,blockResistance=30.0,blockHardness=2.0,needsRandomTick=false,slipperiness=0.6,isCollidable=true,isOpaqueCube=false,material=1,soundId=1,minX=0.0,minY=0.0,minZ=0.0,maxX=1.0,maxY=1.0,maxZ=1.0,renderAsNormal=false,useNeighborBrightness=true;
INSERT INTO `block`(`blockId`,`name`,`lightOpacity`,`lightValue`,`blockResistance`,`blockHardness`,`needsRandomTick`,`slipperiness`,`isCollidable`,`isOpaqueCube`,`material`,`scriptId`,`soundId`,`minX`,`minY`,`minZ`,`maxX`,`maxY`,`maxZ`,`renderAsNormal`,`useNeighborBrightness`) 
    VALUES (115,'tile.netherStalk',0,0,0.0,0.0,true,0.6,true,false,5,'',5,0.0,0.0,0.0,1.0,0.25,1.0,false,true) 
    ON DUPLICATE KEY UPDATE name='tile.netherStalk',lightOpacity=0,lightValue=0,blockResistance=0.0,blockHardness=0.0,needsRandomTick=true,slipperiness=0.6,isCollidable=true,isOpaqueCube=false,material=5,soundId=5,minX=0.0,minY=0.0,minZ=0.0,maxX=1.0,maxY=0.25,maxZ=1.0,renderAsNormal=false,useNeighborBrightness=true;
INSERT INTO `block`(`blockId`,`name`,`lightOpacity`,`lightValue`,`blockResistance`,`blockHardness`,`needsRandomTick`,`slipperiness`,`isCollidable`,`isOpaqueCube`,`material`,`scriptId`,`soundId`,`minX`,`minY`,`minZ`,`maxX`,`maxY`,`maxZ`,`renderAsNormal`,`useNeighborBrightness`) 
    VALUES (116,'tile.enchantmentTable',0,0,6000.0,5.0,false,0.6,true,false,1,'',5,0.0,0.0,0.0,1.0,0.75,1.0,false,true) 
    ON DUPLICATE KEY UPDATE name='tile.enchantmentTable',lightOpacity=0,lightValue=0,blockResistance=6000.0,blockHardness=5.0,needsRandomTick=false,slipperiness=0.6,isCollidable=true,isOpaqueCube=false,material=1,soundId=5,minX=0.0,minY=0.0,minZ=0.0,maxX=1.0,maxY=0.75,maxZ=1.0,renderAsNormal=false,useNeighborBrightness=true;
INSERT INTO `block`(`blockId`,`name`,`lightOpacity`,`lightValue`,`blockResistance`,`blockHardness`,`needsRandomTick`,`slipperiness`,`isCollidable`,`isOpaqueCube`,`material`,`scriptId`,`soundId`,`minX`,`minY`,`minZ`,`maxX`,`maxY`,`maxZ`,`renderAsNormal`,`useNeighborBrightness`) 
    VALUES (117,'tile.brewingStand',0,1,2.5,0.5,false,0.6,true,false,17,'',5,0.0,0.0,0.0,1.0,1.0,1.0,false,true) 
    ON DUPLICATE KEY UPDATE name='tile.brewingStand',lightOpacity=0,lightValue=1,blockResistance=2.5,blockHardness=0.5,needsRandomTick=false,slipperiness=0.6,isCollidable=true,isOpaqueCube=false,material=17,soundId=5,minX=0.0,minY=0.0,minZ=0.0,maxX=1.0,maxY=1.0,maxZ=1.0,renderAsNormal=false,useNeighborBrightness=true;
INSERT INTO `block`(`blockId`,`name`,`lightOpacity`,`lightValue`,`blockResistance`,`blockHardness`,`needsRandomTick`,`slipperiness`,`isCollidable`,`isOpaqueCube`,`material`,`scriptId`,`soundId`,`minX`,`minY`,`minZ`,`maxX`,`maxY`,`maxZ`,`renderAsNormal`,`useNeighborBrightness`) 
    VALUES (118,'tile.cauldron',0,0,10.0,2.0,false,0.6,true,false,17,'',5,0.0,0.0,0.0,1.0,1.0,1.0,false,true) 
    ON DUPLICATE KEY UPDATE name='tile.cauldron',lightOpacity=0,lightValue=0,blockResistance=10.0,blockHardness=2.0,needsRandomTick=false,slipperiness=0.6,isCollidable=true,isOpaqueCube=false,material=17,soundId=5,minX=0.0,minY=0.0,minZ=0.0,maxX=1.0,maxY=1.0,maxZ=1.0,renderAsNormal=false,useNeighborBrightness=true;
INSERT INTO `block`(`blockId`,`name`,`lightOpacity`,`lightValue`,`blockResistance`,`blockHardness`,`needsRandomTick`,`slipperiness`,`isCollidable`,`isOpaqueCube`,`material`,`scriptId`,`soundId`,`minX`,`minY`,`minZ`,`maxX`,`maxY`,`maxZ`,`renderAsNormal`,`useNeighborBrightness`) 
    VALUES (119,'tile.null',0,15,1.8E7,-1.0,false,0.6,true,false,26,'',5,0.0,0.0,0.0,1.0,1.0,1.0,false,true) 
    ON DUPLICATE KEY UPDATE name='tile.null',lightOpacity=0,lightValue=15,blockResistance=1.8E7,blockHardness=-1.0,needsRandomTick=false,slipperiness=0.6,isCollidable=true,isOpaqueCube=false,material=26,soundId=5,minX=0.0,minY=0.0,minZ=0.0,maxX=1.0,maxY=1.0,maxZ=1.0,renderAsNormal=false,useNeighborBrightness=true;
INSERT INTO `block`(`blockId`,`name`,`lightOpacity`,`lightValue`,`blockResistance`,`blockHardness`,`needsRandomTick`,`slipperiness`,`isCollidable`,`isOpaqueCube`,`material`,`scriptId`,`soundId`,`minX`,`minY`,`minZ`,`maxX`,`maxY`,`maxZ`,`renderAsNormal`,`useNeighborBrightness`) 
    VALUES (120,'tile.endPortalFrame',0,1,1.8E7,-1.0,false,0.6,true,false,1,'',7,0.0,0.0,0.0,1.0,1.0,1.0,true,true) 
    ON DUPLICATE KEY UPDATE name='tile.endPortalFrame',lightOpacity=0,lightValue=1,blockResistance=1.8E7,blockHardness=-1.0,needsRandomTick=false,slipperiness=0.6,isCollidable=true,isOpaqueCube=false,material=1,soundId=7,minX=0.0,minY=0.0,minZ=0.0,maxX=1.0,maxY=1.0,maxZ=1.0,renderAsNormal=true,useNeighborBrightness=true;
INSERT INTO `block`(`blockId`,`name`,`lightOpacity`,`lightValue`,`blockResistance`,`blockHardness`,`needsRandomTick`,`slipperiness`,`isCollidable`,`isOpaqueCube`,`material`,`scriptId`,`soundId`,`minX`,`minY`,`minZ`,`maxX`,`maxY`,`maxZ`,`renderAsNormal`,`useNeighborBrightness`) 
    VALUES (121,'tile.whiteStone',255,0,45.0,3.0,false,0.6,true,true,1,'',1,0.0,0.0,0.0,1.0,1.0,1.0,true,false) 
    ON DUPLICATE KEY UPDATE name='tile.whiteStone',lightOpacity=255,lightValue=0,blockResistance=45.0,blockHardness=3.0,needsRandomTick=false,slipperiness=0.6,isCollidable=true,isOpaqueCube=true,material=1,soundId=1,minX=0.0,minY=0.0,minZ=0.0,maxX=1.0,maxY=1.0,maxZ=1.0,renderAsNormal=true,useNeighborBrightness=false;
INSERT INTO `material`(`materialId`,`name`,`canBurn`,`replacable`,`translucent`,`requiresNoTool`,`mobilityFlag`)
    VALUES (28,'UNKNOW',false,false,false,false,1)    ON DUPLICATE KEY UPDATE name='UNKNOW',canBurn=false,replacable=false,translucent=false,requiresNoTool=true,mobilityFlag=1;
INSERT INTO `block`(`blockId`,`name`,`lightOpacity`,`lightValue`,`blockResistance`,`blockHardness`,`needsRandomTick`,`slipperiness`,`isCollidable`,`isOpaqueCube`,`material`,`scriptId`,`soundId`,`minX`,`minY`,`minZ`,`maxX`,`maxY`,`maxZ`,`renderAsNormal`,`useNeighborBrightness`) 
    VALUES (122,'tile.dragonEgg',0,1,45.0,3.0,false,0.6,true,false,28,'',1,0.0625,0.0,0.0625,0.9375,1.0,0.9375,false,true) 
    ON DUPLICATE KEY UPDATE name='tile.dragonEgg',lightOpacity=0,lightValue=1,blockResistance=45.0,blockHardness=3.0,needsRandomTick=false,slipperiness=0.6,isCollidable=true,isOpaqueCube=false,material=28,soundId=1,minX=0.0625,minY=0.0,minZ=0.0625,maxX=0.9375,maxY=1.0,maxZ=0.9375,renderAsNormal=false,useNeighborBrightness=true;
INSERT INTO `material`(`materialId`,`name`,`canBurn`,`replacable`,`translucent`,`requiresNoTool`,`mobilityFlag`)
    VALUES (29,'UNKNOW',false,false,false,false,0)    ON DUPLICATE KEY UPDATE name='UNKNOW',canBurn=false,replacable=false,translucent=false,requiresNoTool=true,mobilityFlag=0;
INSERT INTO `block`(`blockId`,`name`,`lightOpacity`,`lightValue`,`blockResistance`,`blockHardness`,`needsRandomTick`,`slipperiness`,`isCollidable`,`isOpaqueCube`,`material`,`scriptId`,`soundId`,`minX`,`minY`,`minZ`,`maxX`,`maxY`,`maxZ`,`renderAsNormal`,`useNeighborBrightness`) 
    VALUES (123,'tile.redstoneLight',255,0,1.5,0.3,false,0.6,true,true,29,'',7,0.0,0.0,0.0,1.0,1.0,1.0,true,false) 
    ON DUPLICATE KEY UPDATE name='tile.redstoneLight',lightOpacity=255,lightValue=0,blockResistance=1.5,blockHardness=0.3,needsRandomTick=false,slipperiness=0.6,isCollidable=true,isOpaqueCube=true,material=29,soundId=7,minX=0.0,minY=0.0,minZ=0.0,maxX=1.0,maxY=1.0,maxZ=1.0,renderAsNormal=true,useNeighborBrightness=false;
INSERT INTO `block`(`blockId`,`name`,`lightOpacity`,`lightValue`,`blockResistance`,`blockHardness`,`needsRandomTick`,`slipperiness`,`isCollidable`,`isOpaqueCube`,`material`,`scriptId`,`soundId`,`minX`,`minY`,`minZ`,`maxX`,`maxY`,`maxZ`,`renderAsNormal`,`useNeighborBrightness`) 
    VALUES (124,'tile.redstoneLight',255,15,1.5,0.3,false,0.6,true,true,29,'',7,0.0,0.0,0.0,1.0,1.0,1.0,true,false) 
    ON DUPLICATE KEY UPDATE name='tile.redstoneLight',lightOpacity=255,lightValue=15,blockResistance=1.5,blockHardness=0.3,needsRandomTick=false,slipperiness=0.6,isCollidable=true,isOpaqueCube=true,material=29,soundId=7,minX=0.0,minY=0.0,minZ=0.0,maxX=1.0,maxY=1.0,maxZ=1.0,renderAsNormal=true,useNeighborBrightness=false;
INSERT INTO `block`(`blockId`,`name`,`lightOpacity`,`lightValue`,`blockResistance`,`blockHardness`,`needsRandomTick`,`slipperiness`,`isCollidable`,`isOpaqueCube`,`material`,`scriptId`,`soundId`,`minX`,`minY`,`minZ`,`maxX`,`maxY`,`maxZ`,`renderAsNormal`,`useNeighborBrightness`) 
    VALUES (125,'tile.woodSlab',255,0,15.0,2.0,false,0.6,true,true,4,'',4,0.0,0.0,0.0,1.0,1.0,1.0,true,true) 
    ON DUPLICATE KEY UPDATE name='tile.woodSlab',lightOpacity=255,lightValue=0,blockResistance=15.0,blockHardness=2.0,needsRandomTick=false,slipperiness=0.6,isCollidable=true,isOpaqueCube=true,material=4,soundId=4,minX=0.0,minY=0.0,minZ=0.0,maxX=1.0,maxY=1.0,maxZ=1.0,renderAsNormal=true,useNeighborBrightness=true;
INSERT INTO `block`(`blockId`,`name`,`lightOpacity`,`lightValue`,`blockResistance`,`blockHardness`,`needsRandomTick`,`slipperiness`,`isCollidable`,`isOpaqueCube`,`material`,`scriptId`,`soundId`,`minX`,`minY`,`minZ`,`maxX`,`maxY`,`maxZ`,`renderAsNormal`,`useNeighborBrightness`) 
    VALUES (126,'tile.woodSlab',255,0,15.0,2.0,false,0.6,true,false,4,'',4,0.0,0.0,0.0,1.0,0.5,1.0,false,true) 
    ON DUPLICATE KEY UPDATE name='tile.woodSlab',lightOpacity=255,lightValue=0,blockResistance=15.0,blockHardness=2.0,needsRandomTick=false,slipperiness=0.6,isCollidable=true,isOpaqueCube=false,material=4,soundId=4,minX=0.0,minY=0.0,minZ=0.0,maxX=1.0,maxY=0.5,maxZ=1.0,renderAsNormal=false,useNeighborBrightness=true;
INSERT INTO `block`(`blockId`,`name`,`lightOpacity`,`lightValue`,`blockResistance`,`blockHardness`,`needsRandomTick`,`slipperiness`,`isCollidable`,`isOpaqueCube`,`material`,`scriptId`,`soundId`,`minX`,`minY`,`minZ`,`maxX`,`maxY`,`maxZ`,`renderAsNormal`,`useNeighborBrightness`) 
    VALUES (127,'tile.cocoa',0,0,15.0,0.2,true,0.6,true,false,5,'',4,0.0,0.0,0.0,1.0,1.0,1.0,false,true) 
    ON DUPLICATE KEY UPDATE name='tile.cocoa',lightOpacity=0,lightValue=0,blockResistance=15.0,blockHardness=0.2,needsRandomTick=true,slipperiness=0.6,isCollidable=true,isOpaqueCube=false,material=5,soundId=4,minX=0.0,minY=0.0,minZ=0.0,maxX=1.0,maxY=1.0,maxZ=1.0,renderAsNormal=false,useNeighborBrightness=true;
INSERT INTO `block`(`blockId`,`name`,`lightOpacity`,`lightValue`,`blockResistance`,`blockHardness`,`needsRandomTick`,`slipperiness`,`isCollidable`,`isOpaqueCube`,`material`,`scriptId`,`soundId`,`minX`,`minY`,`minZ`,`maxX`,`maxY`,`maxZ`,`renderAsNormal`,`useNeighborBrightness`) 
    VALUES (128,'tile.stairsSandStone',255,0,4.0,0.8,false,0.6,true,false,1,'',1,0.0,0.0,0.0,1.0,1.0,1.0,false,true) 
    ON DUPLICATE KEY UPDATE name='tile.stairsSandStone',lightOpacity=255,lightValue=0,blockResistance=4.0,blockHardness=0.8,needsRandomTick=false,slipperiness=0.6,isCollidable=true,isOpaqueCube=false,material=1,soundId=1,minX=0.0,minY=0.0,minZ=0.0,maxX=1.0,maxY=1.0,maxZ=1.0,renderAsNormal=false,useNeighborBrightness=true;
INSERT INTO `block`(`blockId`,`name`,`lightOpacity`,`lightValue`,`blockResistance`,`blockHardness`,`needsRandomTick`,`slipperiness`,`isCollidable`,`isOpaqueCube`,`material`,`scriptId`,`soundId`,`minX`,`minY`,`minZ`,`maxX`,`maxY`,`maxZ`,`renderAsNormal`,`useNeighborBrightness`) 
    VALUES (129,'tile.oreEmerald',255,0,15.0,3.0,false,0.6,true,true,1,'',1,0.0,0.0,0.0,1.0,1.0,1.0,true,false) 
    ON DUPLICATE KEY UPDATE name='tile.oreEmerald',lightOpacity=255,lightValue=0,blockResistance=15.0,blockHardness=3.0,needsRandomTick=false,slipperiness=0.6,isCollidable=true,isOpaqueCube=true,material=1,soundId=1,minX=0.0,minY=0.0,minZ=0.0,maxX=1.0,maxY=1.0,maxZ=1.0,renderAsNormal=true,useNeighborBrightness=false;
INSERT INTO `block`(`blockId`,`name`,`lightOpacity`,`lightValue`,`blockResistance`,`blockHardness`,`needsRandomTick`,`slipperiness`,`isCollidable`,`isOpaqueCube`,`material`,`scriptId`,`soundId`,`minX`,`minY`,`minZ`,`maxX`,`maxY`,`maxZ`,`renderAsNormal`,`useNeighborBrightness`) 
    VALUES (130,'tile.enderChest',0,7,3000.0,22.5,false,0.6,true,false,1,'',1,0.0625,0.0,0.0625,0.9375,0.875,0.9375,false,true) 
    ON DUPLICATE KEY UPDATE name='tile.enderChest',lightOpacity=0,lightValue=7,blockResistance=3000.0,blockHardness=22.5,needsRandomTick=false,slipperiness=0.6,isCollidable=true,isOpaqueCube=false,material=1,soundId=1,minX=0.0625,minY=0.0,minZ=0.0625,maxX=0.9375,maxY=0.875,maxZ=0.9375,renderAsNormal=false,useNeighborBrightness=true;
INSERT INTO `block`(`blockId`,`name`,`lightOpacity`,`lightValue`,`blockResistance`,`blockHardness`,`needsRandomTick`,`slipperiness`,`isCollidable`,`isOpaqueCube`,`material`,`scriptId`,`soundId`,`minX`,`minY`,`minZ`,`maxX`,`maxY`,`maxZ`,`renderAsNormal`,`useNeighborBrightness`) 
    VALUES (131,'tile.tripWireSource',0,0,0.0,0.0,true,0.6,true,false,13,'',5,0.0,0.0,0.0,1.0,1.0,1.0,false,true) 
    ON DUPLICATE KEY UPDATE name='tile.tripWireSource',lightOpacity=0,lightValue=0,blockResistance=0.0,blockHardness=0.0,needsRandomTick=true,slipperiness=0.6,isCollidable=true,isOpaqueCube=false,material=13,soundId=5,minX=0.0,minY=0.0,minZ=0.0,maxX=1.0,maxY=1.0,maxZ=1.0,renderAsNormal=false,useNeighborBrightness=true;
INSERT INTO `block`(`blockId`,`name`,`lightOpacity`,`lightValue`,`blockResistance`,`blockHardness`,`needsRandomTick`,`slipperiness`,`isCollidable`,`isOpaqueCube`,`material`,`scriptId`,`soundId`,`minX`,`minY`,`minZ`,`maxX`,`maxY`,`maxZ`,`renderAsNormal`,`useNeighborBrightness`) 
    VALUES (132,'tile.tripWire',0,0,0.0,0.0,true,0.6,true,false,13,'',5,0.0,0.0,0.0,1.0,0.15625,1.0,false,true) 
    ON DUPLICATE KEY UPDATE name='tile.tripWire',lightOpacity=0,lightValue=0,blockResistance=0.0,blockHardness=0.0,needsRandomTick=true,slipperiness=0.6,isCollidable=true,isOpaqueCube=false,material=13,soundId=5,minX=0.0,minY=0.0,minZ=0.0,maxX=1.0,maxY=0.15625,maxZ=1.0,renderAsNormal=false,useNeighborBrightness=true;
INSERT INTO `block`(`blockId`,`name`,`lightOpacity`,`lightValue`,`blockResistance`,`blockHardness`,`needsRandomTick`,`slipperiness`,`isCollidable`,`isOpaqueCube`,`material`,`scriptId`,`soundId`,`minX`,`minY`,`minZ`,`maxX`,`maxY`,`maxZ`,`renderAsNormal`,`useNeighborBrightness`) 
    VALUES (133,'tile.blockEmerald',255,0,30.0,5.0,false,0.6,true,true,17,'',8,0.0,0.0,0.0,1.0,1.0,1.0,true,false) 
    ON DUPLICATE KEY UPDATE name='tile.blockEmerald',lightOpacity=255,lightValue=0,blockResistance=30.0,blockHardness=5.0,needsRandomTick=false,slipperiness=0.6,isCollidable=true,isOpaqueCube=true,material=17,soundId=8,minX=0.0,minY=0.0,minZ=0.0,maxX=1.0,maxY=1.0,maxZ=1.0,renderAsNormal=true,useNeighborBrightness=false;
INSERT INTO `block`(`blockId`,`name`,`lightOpacity`,`lightValue`,`blockResistance`,`blockHardness`,`needsRandomTick`,`slipperiness`,`isCollidable`,`isOpaqueCube`,`material`,`scriptId`,`soundId`,`minX`,`minY`,`minZ`,`maxX`,`maxY`,`maxZ`,`renderAsNormal`,`useNeighborBrightness`) 
    VALUES (134,'tile.stairsWoodSpruce',255,0,15.0,2.0,false,0.6,true,false,4,'',4,0.0,0.0,0.0,1.0,1.0,1.0,false,true) 
    ON DUPLICATE KEY UPDATE name='tile.stairsWoodSpruce',lightOpacity=255,lightValue=0,blockResistance=15.0,blockHardness=2.0,needsRandomTick=false,slipperiness=0.6,isCollidable=true,isOpaqueCube=false,material=4,soundId=4,minX=0.0,minY=0.0,minZ=0.0,maxX=1.0,maxY=1.0,maxZ=1.0,renderAsNormal=false,useNeighborBrightness=true;
INSERT INTO `block`(`blockId`,`name`,`lightOpacity`,`lightValue`,`blockResistance`,`blockHardness`,`needsRandomTick`,`slipperiness`,`isCollidable`,`isOpaqueCube`,`material`,`scriptId`,`soundId`,`minX`,`minY`,`minZ`,`maxX`,`maxY`,`maxZ`,`renderAsNormal`,`useNeighborBrightness`) 
    VALUES (135,'tile.stairsWoodBirch',255,0,15.0,2.0,false,0.6,true,false,4,'',4,0.0,0.0,0.0,1.0,1.0,1.0,false,true) 
    ON DUPLICATE KEY UPDATE name='tile.stairsWoodBirch',lightOpacity=255,lightValue=0,blockResistance=15.0,blockHardness=2.0,needsRandomTick=false,slipperiness=0.6,isCollidable=true,isOpaqueCube=false,material=4,soundId=4,minX=0.0,minY=0.0,minZ=0.0,maxX=1.0,maxY=1.0,maxZ=1.0,renderAsNormal=false,useNeighborBrightness=true;
INSERT INTO `block`(`blockId`,`name`,`lightOpacity`,`lightValue`,`blockResistance`,`blockHardness`,`needsRandomTick`,`slipperiness`,`isCollidable`,`isOpaqueCube`,`material`,`scriptId`,`soundId`,`minX`,`minY`,`minZ`,`maxX`,`maxY`,`maxZ`,`renderAsNormal`,`useNeighborBrightness`) 
    VALUES (136,'tile.stairsWoodJungle',255,0,15.0,2.0,false,0.6,true,false,4,'',4,0.0,0.0,0.0,1.0,1.0,1.0,false,true) 
    ON DUPLICATE KEY UPDATE name='tile.stairsWoodJungle',lightOpacity=255,lightValue=0,blockResistance=15.0,blockHardness=2.0,needsRandomTick=false,slipperiness=0.6,isCollidable=true,isOpaqueCube=false,material=4,soundId=4,minX=0.0,minY=0.0,minZ=0.0,maxX=1.0,maxY=1.0,maxZ=1.0,renderAsNormal=false,useNeighborBrightness=true;
INSERT INTO `block`(`blockId`,`name`,`lightOpacity`,`lightValue`,`blockResistance`,`blockHardness`,`needsRandomTick`,`slipperiness`,`isCollidable`,`isOpaqueCube`,`material`,`scriptId`,`soundId`,`minX`,`minY`,`minZ`,`maxX`,`maxY`,`maxZ`,`renderAsNormal`,`useNeighborBrightness`) 
    VALUES (137,'tile.commandBlock',255,0,0.0,0.0,false,0.6,true,true,17,'',5,0.0,0.0,0.0,1.0,1.0,1.0,true,false) 
    ON DUPLICATE KEY UPDATE name='tile.commandBlock',lightOpacity=255,lightValue=0,blockResistance=0.0,blockHardness=0.0,needsRandomTick=false,slipperiness=0.6,isCollidable=true,isOpaqueCube=true,material=17,soundId=5,minX=0.0,minY=0.0,minZ=0.0,maxX=1.0,maxY=1.0,maxZ=1.0,renderAsNormal=true,useNeighborBrightness=false;
INSERT INTO `block`(`blockId`,`name`,`lightOpacity`,`lightValue`,`blockResistance`,`blockHardness`,`needsRandomTick`,`slipperiness`,`isCollidable`,`isOpaqueCube`,`material`,`scriptId`,`soundId`,`minX`,`minY`,`minZ`,`maxX`,`maxY`,`maxZ`,`renderAsNormal`,`useNeighborBrightness`) 
    VALUES (138,'tile.beacon',0,15,15.0,3.0,false,0.6,true,false,11,'',5,0.0,0.0,0.0,1.0,1.0,1.0,false,true) 
    ON DUPLICATE KEY UPDATE name='tile.beacon',lightOpacity=0,lightValue=15,blockResistance=15.0,blockHardness=3.0,needsRandomTick=false,slipperiness=0.6,isCollidable=true,isOpaqueCube=false,material=11,soundId=5,minX=0.0,minY=0.0,minZ=0.0,maxX=1.0,maxY=1.0,maxZ=1.0,renderAsNormal=false,useNeighborBrightness=true;
INSERT INTO `block`(`blockId`,`name`,`lightOpacity`,`lightValue`,`blockResistance`,`blockHardness`,`needsRandomTick`,`slipperiness`,`isCollidable`,`isOpaqueCube`,`material`,`scriptId`,`soundId`,`minX`,`minY`,`minZ`,`maxX`,`maxY`,`maxZ`,`renderAsNormal`,`useNeighborBrightness`) 
    VALUES (139,'tile.cobbleWall',0,0,30.0,2.0,false,0.6,true,false,1,'',1,0.0,0.0,0.0,1.0,1.0,1.0,false,true) 
    ON DUPLICATE KEY UPDATE name='tile.cobbleWall',lightOpacity=0,lightValue=0,blockResistance=30.0,blockHardness=2.0,needsRandomTick=false,slipperiness=0.6,isCollidable=true,isOpaqueCube=false,material=1,soundId=1,minX=0.0,minY=0.0,minZ=0.0,maxX=1.0,maxY=1.0,maxZ=1.0,renderAsNormal=false,useNeighborBrightness=true;
INSERT INTO `block`(`blockId`,`name`,`lightOpacity`,`lightValue`,`blockResistance`,`blockHardness`,`needsRandomTick`,`slipperiness`,`isCollidable`,`isOpaqueCube`,`material`,`scriptId`,`soundId`,`minX`,`minY`,`minZ`,`maxX`,`maxY`,`maxZ`,`renderAsNormal`,`useNeighborBrightness`) 
    VALUES (140,'tile.flowerPot',0,0,0.0,0.0,false,0.6,true,false,13,'',5,0.3125,0.0,0.3125,0.6875,0.375,0.6875,false,true) 
    ON DUPLICATE KEY UPDATE name='tile.flowerPot',lightOpacity=0,lightValue=0,blockResistance=0.0,blockHardness=0.0,needsRandomTick=false,slipperiness=0.6,isCollidable=true,isOpaqueCube=false,material=13,soundId=5,minX=0.3125,minY=0.0,minZ=0.3125,maxX=0.6875,maxY=0.375,maxZ=0.6875,renderAsNormal=false,useNeighborBrightness=true;
INSERT INTO `block`(`blockId`,`name`,`lightOpacity`,`lightValue`,`blockResistance`,`blockHardness`,`needsRandomTick`,`slipperiness`,`isCollidable`,`isOpaqueCube`,`material`,`scriptId`,`soundId`,`minX`,`minY`,`minZ`,`maxX`,`maxY`,`maxZ`,`renderAsNormal`,`useNeighborBrightness`) 
    VALUES (141,'tile.carrots',0,0,0.0,0.0,true,0.6,true,false,5,'',2,0.0,0.0,0.0,1.0,0.25,1.0,false,true) 
    ON DUPLICATE KEY UPDATE name='tile.carrots',lightOpacity=0,lightValue=0,blockResistance=0.0,blockHardness=0.0,needsRandomTick=true,slipperiness=0.6,isCollidable=true,isOpaqueCube=false,material=5,soundId=2,minX=0.0,minY=0.0,minZ=0.0,maxX=1.0,maxY=0.25,maxZ=1.0,renderAsNormal=false,useNeighborBrightness=true;
INSERT INTO `block`(`blockId`,`name`,`lightOpacity`,`lightValue`,`blockResistance`,`blockHardness`,`needsRandomTick`,`slipperiness`,`isCollidable`,`isOpaqueCube`,`material`,`scriptId`,`soundId`,`minX`,`minY`,`minZ`,`maxX`,`maxY`,`maxZ`,`renderAsNormal`,`useNeighborBrightness`) 
    VALUES (142,'tile.potatoes',0,0,0.0,0.0,true,0.6,true,false,5,'',2,0.0,0.0,0.0,1.0,0.25,1.0,false,true) 
    ON DUPLICATE KEY UPDATE name='tile.potatoes',lightOpacity=0,lightValue=0,blockResistance=0.0,blockHardness=0.0,needsRandomTick=true,slipperiness=0.6,isCollidable=true,isOpaqueCube=false,material=5,soundId=2,minX=0.0,minY=0.0,minZ=0.0,maxX=1.0,maxY=0.25,maxZ=1.0,renderAsNormal=false,useNeighborBrightness=true;
INSERT INTO `block`(`blockId`,`name`,`lightOpacity`,`lightValue`,`blockResistance`,`blockHardness`,`needsRandomTick`,`slipperiness`,`isCollidable`,`isOpaqueCube`,`material`,`scriptId`,`soundId`,`minX`,`minY`,`minZ`,`maxX`,`maxY`,`maxZ`,`renderAsNormal`,`useNeighborBrightness`) 
    VALUES (143,'tile.button',0,0,2.5,0.5,true,0.6,true,false,13,'',4,0.0,0.0,0.0,1.0,1.0,1.0,false,true) 
    ON DUPLICATE KEY UPDATE name='tile.button',lightOpacity=0,lightValue=0,blockResistance=2.5,blockHardness=0.5,needsRandomTick=true,slipperiness=0.6,isCollidable=true,isOpaqueCube=false,material=13,soundId=4,minX=0.0,minY=0.0,minZ=0.0,maxX=1.0,maxY=1.0,maxZ=1.0,renderAsNormal=false,useNeighborBrightness=true;
INSERT INTO `block`(`blockId`,`name`,`lightOpacity`,`lightValue`,`blockResistance`,`blockHardness`,`needsRandomTick`,`slipperiness`,`isCollidable`,`isOpaqueCube`,`material`,`scriptId`,`soundId`,`minX`,`minY`,`minZ`,`maxX`,`maxY`,`maxZ`,`renderAsNormal`,`useNeighborBrightness`) 
    VALUES (144,'tile.skull',0,0,5.0,1.0,false,0.6,true,false,13,'',1,0.25,0.0,0.25,0.75,0.5,0.75,false,true) 
    ON DUPLICATE KEY UPDATE name='tile.skull',lightOpacity=0,lightValue=0,blockResistance=5.0,blockHardness=1.0,needsRandomTick=false,slipperiness=0.6,isCollidable=true,isOpaqueCube=false,material=13,soundId=1,minX=0.25,minY=0.0,minZ=0.25,maxX=0.75,maxY=0.5,maxZ=0.75,renderAsNormal=false,useNeighborBrightness=true;
INSERT INTO `blocksound`(`soundId`,`name`,`volume`,`modifier`,`stepSound`,`placeSound`,`breakSound`)
    VALUES (12,'UNKNOW',0.3,1.0,'step.anvil','random.anvil_land','dig.stone')
    ON DUPLICATE KEY UPDATE name='UNKNOW',volume=0.3,modifier=1.0,stepSound='step.anvil',placeSound='random.anvil_land',breakSound='dig.stone';
INSERT INTO `material`(`materialId`,`name`,`canBurn`,`replacable`,`translucent`,`requiresNoTool`,`mobilityFlag`)
    VALUES (30,'UNKNOW',false,false,false,true,2)    ON DUPLICATE KEY UPDATE name='UNKNOW',canBurn=false,replacable=false,translucent=false,requiresNoTool=false,mobilityFlag=2;
INSERT INTO `block`(`blockId`,`name`,`lightOpacity`,`lightValue`,`blockResistance`,`blockHardness`,`needsRandomTick`,`slipperiness`,`isCollidable`,`isOpaqueCube`,`material`,`scriptId`,`soundId`,`minX`,`minY`,`minZ`,`maxX`,`maxY`,`maxZ`,`renderAsNormal`,`useNeighborBrightness`) 
    VALUES (145,'tile.anvil',0,0,6000.0,5.0,false,0.6,true,false,30,'',12,0.0,0.0,0.0,1.0,1.0,1.0,false,true) 
    ON DUPLICATE KEY UPDATE name='tile.anvil',lightOpacity=0,lightValue=0,blockResistance=6000.0,blockHardness=5.0,needsRandomTick=false,slipperiness=0.6,isCollidable=true,isOpaqueCube=false,material=30,soundId=12,minX=0.0,minY=0.0,minZ=0.0,maxX=1.0,maxY=1.0,maxZ=1.0,renderAsNormal=false,useNeighborBrightness=true;
INSERT INTO `block`(`blockId`,`name`,`lightOpacity`,`lightValue`,`blockResistance`,`blockHardness`,`needsRandomTick`,`slipperiness`,`isCollidable`,`isOpaqueCube`,`material`,`scriptId`,`soundId`,`minX`,`minY`,`minZ`,`maxX`,`maxY`,`maxZ`,`renderAsNormal`,`useNeighborBrightness`) 
    VALUES (146,'tile.chestTrap',0,0,12.5,2.5,false,0.6,true,false,4,'',4,0.0625,0.0,0.0625,0.9375,0.875,0.9375,false,true) 
    ON DUPLICATE KEY UPDATE name='tile.chestTrap',lightOpacity=0,lightValue=0,blockResistance=12.5,blockHardness=2.5,needsRandomTick=false,slipperiness=0.6,isCollidable=true,isOpaqueCube=false,material=4,soundId=4,minX=0.0625,minY=0.0,minZ=0.0625,maxX=0.9375,maxY=0.875,maxZ=0.9375,renderAsNormal=false,useNeighborBrightness=true;
INSERT INTO `block`(`blockId`,`name`,`lightOpacity`,`lightValue`,`blockResistance`,`blockHardness`,`needsRandomTick`,`slipperiness`,`isCollidable`,`isOpaqueCube`,`material`,`scriptId`,`soundId`,`minX`,`minY`,`minZ`,`maxX`,`maxY`,`maxZ`,`renderAsNormal`,`useNeighborBrightness`) 
    VALUES (147,'tile.weightedPlate_light',0,0,2.5,0.5,true,0.6,true,false,17,'',4,0.0625,0.0,0.0625,0.9375,0.03125,0.9375,false,true) 
    ON DUPLICATE KEY UPDATE name='tile.weightedPlate_light',lightOpacity=0,lightValue=0,blockResistance=2.5,blockHardness=0.5,needsRandomTick=true,slipperiness=0.6,isCollidable=true,isOpaqueCube=false,material=17,soundId=4,minX=0.0625,minY=0.0,minZ=0.0625,maxX=0.9375,maxY=0.03125,maxZ=0.9375,renderAsNormal=false,useNeighborBrightness=true;
INSERT INTO `block`(`blockId`,`name`,`lightOpacity`,`lightValue`,`blockResistance`,`blockHardness`,`needsRandomTick`,`slipperiness`,`isCollidable`,`isOpaqueCube`,`material`,`scriptId`,`soundId`,`minX`,`minY`,`minZ`,`maxX`,`maxY`,`maxZ`,`renderAsNormal`,`useNeighborBrightness`) 
    VALUES (148,'tile.weightedPlate_heavy',0,0,2.5,0.5,true,0.6,true,false,17,'',4,0.0625,0.0,0.0625,0.9375,0.03125,0.9375,false,true) 
    ON DUPLICATE KEY UPDATE name='tile.weightedPlate_heavy',lightOpacity=0,lightValue=0,blockResistance=2.5,blockHardness=0.5,needsRandomTick=true,slipperiness=0.6,isCollidable=true,isOpaqueCube=false,material=17,soundId=4,minX=0.0625,minY=0.0,minZ=0.0625,maxX=0.9375,maxY=0.03125,maxZ=0.9375,renderAsNormal=false,useNeighborBrightness=true;
INSERT INTO `block`(`blockId`,`name`,`lightOpacity`,`lightValue`,`blockResistance`,`blockHardness`,`needsRandomTick`,`slipperiness`,`isCollidable`,`isOpaqueCube`,`material`,`scriptId`,`soundId`,`minX`,`minY`,`minZ`,`maxX`,`maxY`,`maxZ`,`renderAsNormal`,`useNeighborBrightness`) 
    VALUES (149,'tile.comparator',0,0,0.0,0.0,false,0.6,true,false,13,'',4,0.0,0.0,0.0,1.0,0.125,1.0,false,true) 
    ON DUPLICATE KEY UPDATE name='tile.comparator',lightOpacity=0,lightValue=0,blockResistance=0.0,blockHardness=0.0,needsRandomTick=false,slipperiness=0.6,isCollidable=true,isOpaqueCube=false,material=13,soundId=4,minX=0.0,minY=0.0,minZ=0.0,maxX=1.0,maxY=0.125,maxZ=1.0,renderAsNormal=false,useNeighborBrightness=true;
INSERT INTO `block`(`blockId`,`name`,`lightOpacity`,`lightValue`,`blockResistance`,`blockHardness`,`needsRandomTick`,`slipperiness`,`isCollidable`,`isOpaqueCube`,`material`,`scriptId`,`soundId`,`minX`,`minY`,`minZ`,`maxX`,`maxY`,`maxZ`,`renderAsNormal`,`useNeighborBrightness`) 
    VALUES (150,'tile.comparator',0,9,0.0,0.0,false,0.6,true,false,13,'',4,0.0,0.0,0.0,1.0,0.125,1.0,false,true) 
    ON DUPLICATE KEY UPDATE name='tile.comparator',lightOpacity=0,lightValue=9,blockResistance=0.0,blockHardness=0.0,needsRandomTick=false,slipperiness=0.6,isCollidable=true,isOpaqueCube=false,material=13,soundId=4,minX=0.0,minY=0.0,minZ=0.0,maxX=1.0,maxY=0.125,maxZ=1.0,renderAsNormal=false,useNeighborBrightness=true;
INSERT INTO `block`(`blockId`,`name`,`lightOpacity`,`lightValue`,`blockResistance`,`blockHardness`,`needsRandomTick`,`slipperiness`,`isCollidable`,`isOpaqueCube`,`material`,`scriptId`,`soundId`,`minX`,`minY`,`minZ`,`maxX`,`maxY`,`maxZ`,`renderAsNormal`,`useNeighborBrightness`) 
    VALUES (151,'tile.daylightDetector',0,0,1.0,0.2,false,0.6,true,false,4,'',4,0.0,0.0,0.0,1.0,0.375,1.0,false,true) 
    ON DUPLICATE KEY UPDATE name='tile.daylightDetector',lightOpacity=0,lightValue=0,blockResistance=1.0,blockHardness=0.2,needsRandomTick=false,slipperiness=0.6,isCollidable=true,isOpaqueCube=false,material=4,soundId=4,minX=0.0,minY=0.0,minZ=0.0,maxX=1.0,maxY=0.375,maxZ=1.0,renderAsNormal=false,useNeighborBrightness=true;
INSERT INTO `block`(`blockId`,`name`,`lightOpacity`,`lightValue`,`blockResistance`,`blockHardness`,`needsRandomTick`,`slipperiness`,`isCollidable`,`isOpaqueCube`,`material`,`scriptId`,`soundId`,`minX`,`minY`,`minZ`,`maxX`,`maxY`,`maxZ`,`renderAsNormal`,`useNeighborBrightness`) 
    VALUES (152,'tile.blockRedstone',255,0,30.0,5.0,false,0.6,true,true,17,'',8,0.0,0.0,0.0,1.0,1.0,1.0,true,false) 
    ON DUPLICATE KEY UPDATE name='tile.blockRedstone',lightOpacity=255,lightValue=0,blockResistance=30.0,blockHardness=5.0,needsRandomTick=false,slipperiness=0.6,isCollidable=true,isOpaqueCube=true,material=17,soundId=8,minX=0.0,minY=0.0,minZ=0.0,maxX=1.0,maxY=1.0,maxZ=1.0,renderAsNormal=true,useNeighborBrightness=false;
INSERT INTO `block`(`blockId`,`name`,`lightOpacity`,`lightValue`,`blockResistance`,`blockHardness`,`needsRandomTick`,`slipperiness`,`isCollidable`,`isOpaqueCube`,`material`,`scriptId`,`soundId`,`minX`,`minY`,`minZ`,`maxX`,`maxY`,`maxZ`,`renderAsNormal`,`useNeighborBrightness`) 
    VALUES (153,'tile.netherquartz',255,0,15.0,3.0,false,0.6,true,true,1,'',1,0.0,0.0,0.0,1.0,1.0,1.0,true,false) 
    ON DUPLICATE KEY UPDATE name='tile.netherquartz',lightOpacity=255,lightValue=0,blockResistance=15.0,blockHardness=3.0,needsRandomTick=false,slipperiness=0.6,isCollidable=true,isOpaqueCube=true,material=1,soundId=1,minX=0.0,minY=0.0,minZ=0.0,maxX=1.0,maxY=1.0,maxZ=1.0,renderAsNormal=true,useNeighborBrightness=false;
INSERT INTO `block`(`blockId`,`name`,`lightOpacity`,`lightValue`,`blockResistance`,`blockHardness`,`needsRandomTick`,`slipperiness`,`isCollidable`,`isOpaqueCube`,`material`,`scriptId`,`soundId`,`minX`,`minY`,`minZ`,`maxX`,`maxY`,`maxZ`,`renderAsNormal`,`useNeighborBrightness`) 
    VALUES (154,'tile.hopper',0,0,24.0,3.0,false,0.6,true,false,17,'',4,0.0,0.0,0.0,1.0,1.0,1.0,false,true) 
    ON DUPLICATE KEY UPDATE name='tile.hopper',lightOpacity=0,lightValue=0,blockResistance=24.0,blockHardness=3.0,needsRandomTick=false,slipperiness=0.6,isCollidable=true,isOpaqueCube=false,material=17,soundId=4,minX=0.0,minY=0.0,minZ=0.0,maxX=1.0,maxY=1.0,maxZ=1.0,renderAsNormal=false,useNeighborBrightness=true;
INSERT INTO `block`(`blockId`,`name`,`lightOpacity`,`lightValue`,`blockResistance`,`blockHardness`,`needsRandomTick`,`slipperiness`,`isCollidable`,`isOpaqueCube`,`material`,`scriptId`,`soundId`,`minX`,`minY`,`minZ`,`maxX`,`maxY`,`maxZ`,`renderAsNormal`,`useNeighborBrightness`) 
    VALUES (155,'tile.quartzBlock',255,0,4.0,0.8,false,0.6,true,true,1,'',1,0.0,0.0,0.0,1.0,1.0,1.0,true,false) 
    ON DUPLICATE KEY UPDATE name='tile.quartzBlock',lightOpacity=255,lightValue=0,blockResistance=4.0,blockHardness=0.8,needsRandomTick=false,slipperiness=0.6,isCollidable=true,isOpaqueCube=true,material=1,soundId=1,minX=0.0,minY=0.0,minZ=0.0,maxX=1.0,maxY=1.0,maxZ=1.0,renderAsNormal=true,useNeighborBrightness=false;
INSERT INTO `block`(`blockId`,`name`,`lightOpacity`,`lightValue`,`blockResistance`,`blockHardness`,`needsRandomTick`,`slipperiness`,`isCollidable`,`isOpaqueCube`,`material`,`scriptId`,`soundId`,`minX`,`minY`,`minZ`,`maxX`,`maxY`,`maxZ`,`renderAsNormal`,`useNeighborBrightness`) 
    VALUES (156,'tile.stairsQuartz',255,0,4.0,0.8,false,0.6,true,false,1,'',1,0.0,0.0,0.0,1.0,1.0,1.0,false,true) 
    ON DUPLICATE KEY UPDATE name='tile.stairsQuartz',lightOpacity=255,lightValue=0,blockResistance=4.0,blockHardness=0.8,needsRandomTick=false,slipperiness=0.6,isCollidable=true,isOpaqueCube=false,material=1,soundId=1,minX=0.0,minY=0.0,minZ=0.0,maxX=1.0,maxY=1.0,maxZ=1.0,renderAsNormal=false,useNeighborBrightness=true;
INSERT INTO `block`(`blockId`,`name`,`lightOpacity`,`lightValue`,`blockResistance`,`blockHardness`,`needsRandomTick`,`slipperiness`,`isCollidable`,`isOpaqueCube`,`material`,`scriptId`,`soundId`,`minX`,`minY`,`minZ`,`maxX`,`maxY`,`maxZ`,`renderAsNormal`,`useNeighborBrightness`) 
    VALUES (157,'tile.activatorRail',0,0,3.5,0.7,false,0.6,true,false,13,'',8,0.0,0.0,0.0,1.0,0.125,1.0,false,true) 
    ON DUPLICATE KEY UPDATE name='tile.activatorRail',lightOpacity=0,lightValue=0,blockResistance=3.5,blockHardness=0.7,needsRandomTick=false,slipperiness=0.6,isCollidable=true,isOpaqueCube=false,material=13,soundId=8,minX=0.0,minY=0.0,minZ=0.0,maxX=1.0,maxY=0.125,maxZ=1.0,renderAsNormal=false,useNeighborBrightness=true;
INSERT INTO `block`(`blockId`,`name`,`lightOpacity`,`lightValue`,`blockResistance`,`blockHardness`,`needsRandomTick`,`slipperiness`,`isCollidable`,`isOpaqueCube`,`material`,`scriptId`,`soundId`,`minX`,`minY`,`minZ`,`maxX`,`maxY`,`maxZ`,`renderAsNormal`,`useNeighborBrightness`) 
    VALUES (158,'tile.dropper',255,0,17.5,3.5,false,0.6,true,true,1,'',1,0.0,0.0,0.0,1.0,1.0,1.0,true,false) 
    ON DUPLICATE KEY UPDATE name='tile.dropper',lightOpacity=255,lightValue=0,blockResistance=17.5,blockHardness=3.5,needsRandomTick=false,slipperiness=0.6,isCollidable=true,isOpaqueCube=true,material=1,soundId=1,minX=0.0,minY=0.0,minZ=0.0,maxX=1.0,maxY=1.0,maxZ=1.0,renderAsNormal=true,useNeighborBrightness=false;
